symbol,date,open,high,low,close,adj_close,volume,source
BANKNIFTY,2013-01-01,12549.9502,12663.5,12547.1504,12654.1504,12654.0029,14500,yahoo
BANKNIFTY,2013-01-02,12748.8496,12811.4502,12748.8496,12786.8496,12786.7012,0,yahoo
BANKNIFTY,2013-01-03,12828.2998,12837.7998,12722.4502,12778.1504,12778.002,0,yahoo
BANKNIFTY,2013-01-04,12774.7998,12801.7002,12684.6504,12787.3496,12787.2012,0,yahoo
BANKNIFTY,2013-01-07,12837.4502,12837.4502,12682.7998,12708.7002,12708.5527,0,yahoo
BANKNIFTY,2013-01-08,12693.5996,12743.9502,12632.3496,12725.5,12725.3525,0,yahoo
BANKNIFTY,2013-01-09,12724.4004,12791.7002,12687.9502,12718,12717.8525,0,yahoo
BANKNIFTY,2013-01-10,12775.25,12822.7998,12697.75,12802.25,12802.1016,0,yahoo
BANKNIFTY,2013-01-11,12832.4502,12834.5498,12582.6504,12617.8496,12617.7031,0,yahoo
BANKNIFTY,2013-01-14,12622.0498,12773.3496,12609.9004,12758.75,12758.6016,0,yahoo
BANKNIFTY,2013-01-15,12766.5498,12908.2002,12718.4004,12855.4004,12855.251,0,yahoo
BANKNIFTY,2013-01-16,12836.2002,12836.2002,12616.2002,12638.5,12638.3535,0,yahoo
BANKNIFTY,2013-01-17,12608.8496,12714.5996,12583.3496,12649.5996,12649.4521,0,yahoo
BANKNIFTY,2013-01-18,12688.1504,12778.3496,12624.4004,12680,12679.8525,0,yahoo
BANKNIFTY,2013-01-21,12678,12690.4004,12608.5,12651.3496,12651.2021,0,yahoo
BANKNIFTY,2013-01-22,12640.4004,12748.9502,12544.4004,12574.3496,12574.2031,0,yahoo
BANKNIFTY,2013-01-23,12635.25,12695.9502,12509.4502,12635.2002,12635.0537,0,yahoo
BANKNIFTY,2013-01-24,12624.4502,12662.8496,12534.25,12561.4004,12561.2539,0,yahoo
BANKNIFTY,2013-01-25,12575.8496,12717.9004,12535.75,12693.25,12693.1025,0,yahoo
BANKNIFTY,2013-01-28,12705.7998,12822.0498,12698.8496,12781.3496,12781.2012,0,yahoo
BANKNIFTY,2013-01-29,12804.4004,12960.6504,12685.9004,12722.7998,12722.6523,0,yahoo
BANKNIFTY,2013-01-30,12754.8496,12825.6504,12726.6504,12767.5,12767.3516,0,yahoo
BANKNIFTY,2013-01-31,12741.2998,12852.5,12688.75,12708.5996,12708.4521,0,yahoo
BANKNIFTY,2013-02-01,12718.5498,12743.2002,12580.8496,12606.25,12606.1035,0,yahoo
BANKNIFTY,2013-02-04,12656.8496,12723.2998,12515.3496,12548.3496,12548.2041,0,yahoo
BANKNIFTY,2013-02-05,12426.4502,12501.5,12415.1504,12467.75,12467.6055,0,yahoo
BANKNIFTY,2013-02-06,12525.4004,12525.4004,12396.7998,12417.7002,12417.5557,0,yahoo
BANKNIFTY,2013-02-07,12372.5,12474.5,12305.4502,12349.2998,12349.1562,0,yahoo
BANKNIFTY,2013-02-08,12341.4502,12389.7998,12245.9502,12280.1504,12280.0078,0,yahoo
BANKNIFTY,2013-02-11,12298.0996,12361.0996,12273.6504,12333,12332.8564,0,yahoo
BANKNIFTY,2013-02-12,12331.4004,12415.7998,12301.6504,12405.25,12405.1055,0,yahoo
BANKNIFTY,2013-02-13,12424.9502,12485.9502,12361.9004,12385.0996,12384.9561,0,yahoo
BANKNIFTY,2013-02-14,12400.6504,12434,12284.5,12311.2998,12311.1562,0,yahoo
BANKNIFTY,2013-02-15,12284.4502,12373.1504,12256.7998,12336.5498,12336.4062,0,yahoo
BANKNIFTY,2013-02-18,12353,12399.8496,12329.3496,12347.2002,12347.0566,0,yahoo
BANKNIFTY,2013-02-19,12347.5498,12426.9004,12303.7002,12413.6504,12413.5059,0,yahoo
BANKNIFTY,2013-02-20,12460.4004,12470.7002,12351.7002,12363.7002,12363.5566,0,yahoo
BANKNIFTY,2013-02-21,12295.1504,12301.25,12036.4502,12055.5,12055.3604,0,yahoo
BANKNIFTY,2013-02-22,12024.4004,12139.6504,12024.4004,12068.9502,12068.8096,0,yahoo
BANKNIFTY,2013-02-25,12119.9502,12137.8496,11961.5,12037.2998,12037.1602,0,yahoo
BANKNIFTY,2013-02-26,11995,11995,11808.7998,11844.8496,11844.7119,0,yahoo
BANKNIFTY,2013-02-27,11882.7002,11971.3496,11838.3496,11930.5,11930.3613,0,yahoo
BANKNIFTY,2013-02-28,12007,12041.4502,11401.2002,11487.3496,11487.2158,0,yahoo
BANKNIFTY,2013-03-01,11533.0498,11592.5498,11458.7002,11540.0498,11539.916,0,yahoo
BANKNIFTY,2013-03-04,11515.4004,11602.5,11453.0996,11575.5996,11575.4648,0,yahoo
BANKNIFTY,2013-03-05,11642.7998,11814.0498,11623.6504,11792.0498,11791.9131,0,yahoo
BANKNIFTY,2013-03-06,11871.5498,11904.1504,11822.3496,11876.2002,11876.0625,0,yahoo
BANKNIFTY,2013-03-07,11829.2002,11989.8496,11819.5996,11970.25,11970.1113,0,yahoo
BANKNIFTY,2013-03-08,12008.7998,12219.4502,12008.7998,12197.25,12197.1084,0,yahoo
BANKNIFTY,2013-03-11,12221.5,12241.2998,12130.25,12165.4004,12165.2588,0,yahoo
BANKNIFTY,2013-03-12,12150.7002,12183.5,11970.9004,12054.5,12054.3604,0,yahoo
BANKNIFTY,2013-03-13,11989.5498,11989.5498,11754.2998,11777.5,11777.3633,0,yahoo
BANKNIFTY,2013-03-14,11772.4502,12058.5498,11555.4502,12020.75,12020.6104,0,yahoo
BANKNIFTY,2013-03-15,11972.75,12034.9502,11749.8496,11816.5498,11816.4121,0,yahoo
BANKNIFTY,2013-03-18,11679.3496,11810.4004,11625.5996,11735.5,11735.3633,0,yahoo
BANKNIFTY,2013-03-19,11796.2002,11814.75,11416.75,11508.0498,11507.916,0,yahoo
BANKNIFTY,2013-03-20,11491.7998,11491.7998,11231.75,11254.8496,11254.7188,0,yahoo
BANKNIFTY,2013-03-21,11285.6504,11512.0996,11209.6504,11238.3496,11238.2188,0,yahoo
BANKNIFTY,2013-03-22,11275.4502,11331.2002,11173.3496,11204.0498,11203.9199,0,yahoo
BANKNIFTY,2013-03-25,11327.4004,11372.7998,11097.9502,11125.6504,11125.5215,21000,yahoo
BANKNIFTY,2013-03-26,11067.3496,11198.4502,11048.4004,11163.4502,11163.3203,17400,yahoo
BANKNIFTY,2013-03-28,11188.9502,11413.25,11080.0498,11361.8496,11361.7178,26200,yahoo
BANKNIFTY,2013-04-01,11414.9502,11460.5996,11330.8496,11425.5498,11425.417,11700,yahoo
BANKNIFTY,2013-04-02,11430.8496,11548.0498,11361.1504,11523.4004,11523.2666,14100,yahoo
BANKNIFTY,2013-04-03,11512.75,11590.5996,11283.4004,11344.0996,11343.9678,18100,yahoo
BANKNIFTY,2013-04-04,11243.2002,11254.25,11105.0996,11126.25,11126.1211,17800,yahoo
BANKNIFTY,2013-04-05,11120.1504,11168.25,11021.4004,11098.9502,11098.8213,19200,yahoo
BANKNIFTY,2013-04-08,11075.8496,11133.8496,11002.0996,11012.6504,11012.5225,14400,yahoo
BANKNIFTY,2013-04-09,11085.7998,11210.3496,10897.1504,10929.1504,10929.0234,19800,yahoo
BANKNIFTY,2013-04-10,11009.4502,11143.5996,10888.75,11122.25,11122.1211,22000,yahoo
BANKNIFTY,2013-04-11,11220.5,11341.8496,11154.0498,11306.5,11306.3682,25100,yahoo
BANKNIFTY,2013-04-12,11239.1504,11442.9004,11236.0498,11410.0996,11409.9668,18200,yahoo
BANKNIFTY,2013-04-15,11357.9502,11643.2998,11334.75,11526.25,11526.1162,21200,yahoo
BANKNIFTY,2013-04-16,11517.9004,11906.25,11515.2998,11871.5996,11871.4619,22700,yahoo
BANKNIFTY,2013-04-17,11924.7002,12112.25,11913.9502,11981.0498,11980.9102,26800,yahoo
BANKNIFTY,2013-04-18,11902.5498,12313,11891.9502,12288.25,12288.1074,24900,yahoo
BANKNIFTY,2013-04-22,12317.4004,12637.9502,12317.4004,12576.2002,12576.0537,25800,yahoo
BANKNIFTY,2013-04-23,12601.0498,12605.7002,12333,12543.4004,12543.2549,22100,yahoo
BANKNIFTY,2013-04-25,12632.25,12755.7998,12611.5,12726.8496,12726.7021,31000,yahoo
BANKNIFTY,2013-04-26,12679.2998,12679.9004,12470,12533.1504,12533.0049,19400,yahoo
BANKNIFTY,2013-04-29,12560.3496,12661.25,12508.4004,12609.1504,12609.0039,16900,yahoo
BANKNIFTY,2013-04-30,12638,12658.5996,12402.1504,12561.5498,12561.4033,17300,yahoo
BANKNIFTY,2013-05-02,12554.7002,12783.2998,12552.8496,12709.9502,12709.8027,21500,yahoo
BANKNIFTY,2013-05-03,12678.9004,12678.9004,12364.7002,12393.5996,12393.4551,25100,yahoo
BANKNIFTY,2013-05-06,12358.3496,12436,12188.2998,12396.4004,12396.2559,15300,yahoo
BANKNIFTY,2013-05-07,12404.5498,12649.4502,12404.5498,12631.5,12631.3535,16600,yahoo
BANKNIFTY,2013-05-08,12662.0996,12694.4004,12514.7002,12643.0498,12642.9033,14600,yahoo
BANKNIFTY,2013-05-09,12663.75,12718.9004,12541.7998,12596.2998,12596.1533,27900,yahoo
BANKNIFTY,2013-05-10,12580.4004,12783.0498,12580.4004,12752.2998,12752.1514,19200,yahoo
BANKNIFTY,2013-05-13,12760.4502,12865.3496,12546.25,12568.8496,12568.7031,19700,yahoo
BANKNIFTY,2013-05-14,12567.5498,12698.3496,12516.0996,12583.5996,12583.4531,13900,yahoo
BANKNIFTY,2013-05-15,12646.3496,13099.3496,12646.3496,13077.9004,13077.748,27200,yahoo
BANKNIFTY,2013-05-16,13022.25,13281.7998,13022.25,13239.4502,13239.2959,21500,yahoo
BANKNIFTY,2013-05-17,13227.7998,13355.0996,13116.8496,13317.0996,13316.9453,18100,yahoo
BANKNIFTY,2013-05-20,13332.7002,13414.2998,13150.2998,13181.5,13181.3467,15500,yahoo
BANKNIFTY,2013-05-21,13182.2002,13268.25,13038,13066.5,13066.3477,15700,yahoo
BANKNIFTY,2013-05-22,13105.0996,13175.6504,12932.2002,13008.25,13008.0986,14200,yahoo
BANKNIFTY,2013-05-23,12907.9004,12944,12594.9004,12636.5,12636.3535,23700,yahoo
BANKNIFTY,2013-05-24,12756.3496,12828.5996,12582.5,12769.3496,12769.2012,16900,yahoo
BANKNIFTY,2013-05-27,12751.5,13014.75,12735.0498,12961.5498,12961.3994,16700,yahoo
BANKNIFTY,2013-05-28,12951.4004,13016.4502,12872.9004,12950,12949.8496,14100,yahoo
BANKNIFTY,2013-05-29,12931.3496,12931.3496,12773.4004,12853.2002,12853.0508,12200,yahoo
BANKNIFTY,2013-05-30,12738.1504,12829.5498,12721.4502,12805.9004,12805.752,24700,yahoo
BANKNIFTY,2013-05-31,12734.2998,12760.4502,12453.1504,12475.6504,12475.5059,20500,yahoo
BANKNIFTY,2013-06-03,12453.4004,12499.8496,12323.5996,12402.0996,12401.9551,14700,yahoo
BANKNIFTY,2013-06-04,12401.7002,12520.5498,12252.4004,12275.0996,12274.957,12700,yahoo
BANKNIFTY,2013-06-05,12252.0498,12347.2998,12196.75,12289.3496,12289.207,14800,yahoo
BANKNIFTY,2013-06-06,12225.3496,12475.0498,12184.0498,12398.4004,12398.2559,15600,yahoo
BANKNIFTY,2013-06-07,12347.5498,12488.5996,12209.25,12231.5,12231.3574,16600,yahoo
BANKNIFTY,2013-06-10,12292.6504,12363.7998,12017.9004,12087.0498,12086.9092,13700,yahoo
BANKNIFTY,2013-06-11,12007.75,12031.9004,11795.4502,11820.5,11820.3623,22500,yahoo
BANKNIFTY,2013-06-12,11791.0996,11899.0498,11732.3496,11814.8496,11814.7119,20300,yahoo
BANKNIFTY,2013-06-13,11693.9004,11793.2998,11656.9004,11686.75,11686.6143,15800,yahoo
BANKNIFTY,2013-06-14,11827.3496,11947.3496,11803.7998,11922.8496,11922.7109,19500,yahoo
BANKNIFTY,2013-06-17,11928.2998,11992.9502,11735.25,11971.0498,11970.9111,18800,yahoo
BANKNIFTY,2013-06-18,11946.2002,11950.9502,11795.2002,11820.9502,11820.8125,15600,yahoo
BANKNIFTY,2013-06-19,11798.6504,11867.2002,11738.7002,11852.6504,11852.5127,13700,yahoo
BANKNIFTY,2013-06-20,11677.3496,11677.3496,11347.5498,11375.4004,11375.2686,23900,yahoo
BANKNIFTY,2013-06-21,11323.3496,11420.25,11210.75,11340.1504,11340.0186,27200,yahoo
BANKNIFTY,2013-06-24,11272.2002,11275.4004,11134.2002,11178.2998,11178.1699,19900,yahoo
BANKNIFTY,2013-06-25,11213.0996,11325.5,11107.7998,11181.0498,11180.9199,29600,yahoo
BANKNIFTY,2013-06-26,11211,11261.6504,11033.75,11066.5498,11066.4209,20600,yahoo
BANKNIFTY,2013-06-27,11225.5,11277.0498,11164.75,11235.75,11235.6191,27400,yahoo
BANKNIFTY,2013-06-28,11367.2002,11654.7002,11367.2002,11617.25,11617.1152,25500,yahoo
BANKNIFTY,2013-07-01,11597.4502,11733.0996,11597.4502,11714.9004,11714.7646,15800,yahoo
BANKNIFTY,2013-07-02,11703.9502,11752.9004,11590.5,11614.25,11614.1152,16200,yahoo
BANKNIFTY,2013-07-03,11500.2998,11505.75,11322.7998,11357.7998,11357.668,20700,yahoo
BANKNIFTY,2013-07-04,11389.6504,11454.2998,11273.5996,11381.2002,11381.0684,24300,yahoo
BANKNIFTY,2013-07-05,11485.8496,11530.6504,11418,11434.2998,11434.167,15500,yahoo
BANKNIFTY,2013-07-08,11328.2002,11328.2002,11176.6504,11283.2998,11283.1689,17400,yahoo
BANKNIFTY,2013-07-09,11365.2002,11458.2998,11353.0498,11442.4502,11442.3174,17100,yahoo
BANKNIFTY,2013-07-10,11477.5498,11540.9004,11317.2002,11364.4502,11364.3184,16500,yahoo
BANKNIFTY,2013-07-11,11541.9502,11710.4502,11541.9502,11655.2998,11655.1641,16800,yahoo
BANKNIFTY,2013-07-12,11733.0498,11743.25,11589.4502,11722.7998,11722.6631,16000,yahoo
BANKNIFTY,2013-07-15,11678.9004,11811.9004,11621.75,11790.25,11790.1133,16100,yahoo
BANKNIFTY,2013-07-16,11459.4004,11459.4004,11209.75,11226.1504,11226.0195,34500,yahoo
BANKNIFTY,2013-07-17,11264,11264,10829.75,10971.5996,10971.4717,42500,yahoo
BANKNIFTY,2013-07-18,11033.5,11236.8496,10837.75,11187.7002,11187.5703,39900,yahoo
BANKNIFTY,2013-07-19,11223.7998,11237.9004,10934.25,10973.9004,10973.7725,28800,yahoo
BANKNIFTY,2013-07-22,10948.4004,11132.2002,10948.4004,11086.9502,11086.8213,17800,yahoo
BANKNIFTY,2013-07-23,11218.7998,11285.7998,11195,11239.7002,11239.5693,20100,yahoo
BANKNIFTY,2013-07-24,11018.0498,11018.0498,10661.2998,10720.1504,10720.0254,54000,yahoo
BANKNIFTY,2013-07-25,10667.0498,10772.7002,10594.5996,10614,10613.877,40800,yahoo
BANKNIFTY,2013-07-26,10701.25,10723.2998,10352.9502,10465.25,10465.1279,52100,yahoo
BANKNIFTY,2013-07-29,10451.8496,10451.8496,10310.6504,10331,10330.8799,27000,yahoo
BANKNIFTY,2013-07-30,10339.0996,10449.7002,10195.5,10209.5498,10209.4307,35100,yahoo
BANKNIFTY,2013-07-31,10164.6504,10164.6504,9863.0498,10015.75,10015.6338,60200,yahoo
BANKNIFTY,2013-08-01,10130.0996,10219.4004,9867.5996,10142.9502,10142.832,53400,yahoo
BANKNIFTY,2013-08-02,10162.1504,10219.5996,9958.4004,9997.7998,9997.6836,38800,yahoo
BANKNIFTY,2013-08-05,10031.2998,10117.6504,9818.5,10094.9004,10094.7832,32500,yahoo
BANKNIFTY,2013-08-06,10013.5996,10013.5996,9660.2998,9703.0996,9702.9873,37600,yahoo
BANKNIFTY,2013-08-07,9713.4502,9848.3496,9667.5498,9757.25,9757.1367,43400,yahoo
BANKNIFTY,2013-08-08,9780.5498,9909.75,9724.7998,9816.4004,9816.2861,32900,yahoo
BANKNIFTY,2013-08-12,9849.8496,9853.9502,9669.0996,9711.4004,9711.2871,45700,yahoo
BANKNIFTY,2013-08-13,9666.5498,10007.5996,9582.5498,9985.6504,9985.5342,41000,yahoo
BANKNIFTY,2013-08-14,10010.1504,10071.25,9912.3496,10026.4004,10026.2842,37500,yahoo
BANKNIFTY,2013-08-16,9887.9004,9891.4004,9420.1504,9450.8496,9450.7402,48400,yahoo
BANKNIFTY,2013-08-19,9425.5,9425.5,9087,9145,9144.8936,0,yahoo
BANKNIFTY,2013-08-20,8939.2002,9277.0498,8860.1504,9218.9502,9218.8428,60800,yahoo
BANKNIFTY,2013-08-21,9652,9766.0996,9129.25,9264.4004,9264.293,88400,yahoo
BANKNIFTY,2013-08-22,9194.8496,9373.7998,9005.25,9268.9004,9268.793,73300,yahoo
BANKNIFTY,2013-08-23,9322.7998,9493.8496,9215.8496,9470.0996,9469.9893,53500,yahoo
BANKNIFTY,2013-08-26,9529.7002,9586.6504,9294.0498,9373.5498,9373.4404,39800,yahoo
BANKNIFTY,2013-08-27,9208.1504,9208.1504,8842.5,8870.5,8870.3965,54300,yahoo
BANKNIFTY,2013-08-28,8729.25,8869.7002,8366.75,8760.8496,8760.748,68000,yahoo
BANKNIFTY,2013-08-29,8897,8958.3496,8759.8496,8904.5996,8904.4961,56800,yahoo
BANKNIFTY,2013-08-30,8891.9004,9135.5498,8846.5498,9049.2002,9049.0947,79300,yahoo
BANKNIFTY,2013-09-02,9112.7998,9233.5996,9086.75,9139.5,9139.3936,0,yahoo
BANKNIFTY,2013-09-03,9220.9502,9220.9502,8625.4004,8664.2002,8664.0996,47700,yahoo
BANKNIFTY,2013-09-04,8688.6504,8916.75,8605.6504,8845.75,8845.6475,0,yahoo
BANKNIFTY,2013-09-05,9253.4502,9704.5996,9253.4502,9682.4004,9682.2881,95300,yahoo
BANKNIFTY,2013-09-06,9746.6504,9989.8496,9568.5,9961.4004,9961.2842,67700,yahoo
BANKNIFTY,2013-09-10,10084,10304.9004,10084,10188.25,10188.1318,54700,yahoo
BANKNIFTY,2013-09-11,10112.6504,10409.1504,9980.5,10369.0996,10368.9795,62600,yahoo
BANKNIFTY,2013-09-12,10338.2998,10358.25,10070.9502,10158.5498,10158.4316,54800,yahoo
BANKNIFTY,2013-09-13,10067.1504,10272.4004,10037.2998,10180.4502,10180.332,50600,yahoo
BANKNIFTY,2013-09-16,10418.5,10536.7002,10175.0498,10368.4004,10368.2803,50000,yahoo
BANKNIFTY,2013-09-17,10320.8496,10334.2998,10223.9502,10279.5996,10279.4805,34200,yahoo
BANKNIFTY,2013-09-18,10327.1504,10481.5,10241.9502,10447.8496,10447.7285,35000,yahoo
BANKNIFTY,2013-09-19,10984.5,11219.4502,10984.5,11148.6504,11148.5205,91500,yahoo
BANKNIFTY,2013-09-20,11163.9502,11188.0996,10409.7998,10686.7998,10686.6758,89800,yahoo
BANKNIFTY,2013-09-23,10466.2998,10509.5498,10177.9004,10211.7002,10211.5811,54800,yahoo
BANKNIFTY,2013-09-24,10063.0498,10289.75,10046.7002,10175.9004,10175.7822,55000,yahoo
BANKNIFTY,2013-09-25,10191.8496,10232.4502,9919.7002,10081.7002,10081.583,48300,yahoo
BANKNIFTY,2013-09-26,10091.4004,10189.4004,10051.2002,10098.25,10098.1328,45300,yahoo
BANKNIFTY,2013-09-27,10131.6504,10131.6504,9883.9502,9899.75,9899.6348,34300,yahoo
BANKNIFTY,2013-09-30,9783.9004,9815,9587.75,9617.7998,9617.6885,37000,yahoo
BANKNIFTY,2013-10-01,9685.1504,9912.9502,9582.75,9883.2998,9883.1846,43000,yahoo
BANKNIFTY,2013-10-03,9946.2998,10241.4502,9888.7002,10222.9502,10222.8311,41700,yahoo
BANKNIFTY,2013-10-04,10171.4502,10328.75,10111.75,10197.1504,10197.0322,39300,yahoo
BANKNIFTY,2013-10-07,10124.1504,10124.1504,9877.4502,10082.0996,10081.9824,30300,yahoo
BANKNIFTY,2013-10-08,10418.8496,10451.1504,10090.5996,10141.4502,10141.332,41800,yahoo
BANKNIFTY,2013-10-09,10004.4004,10360.3496,9947.25,10334.9502,10334.8301,41700,yahoo
BANKNIFTY,2013-10-10,10309.2002,10372.0498,10199.5498,10288.9502,10288.8311,31800,yahoo
BANKNIFTY,2013-10-11,10423.5996,10649.2998,10307.9004,10622.1504,10622.0273,41400,yahoo
BANKNIFTY,2013-10-14,10588.9502,10706.7998,10550,10665.25,10665.126,37500,yahoo
BANKNIFTY,2013-10-15,10738.2002,10738.2002,10339.0996,10389.25,10389.1289,38000,yahoo
BANKNIFTY,2013-10-17,10406.0498,10416.2002,10274.3496,10336.5498,10336.4297,42000,yahoo
BANKNIFTY,2013-10-18,10387.2998,10784,10387.2998,10744.9004,10744.7754,37500,yahoo
BANKNIFTY,2013-10-21,10751.7002,10871.75,10700.5498,10797.5498,10797.4238,32800,yahoo
BANKNIFTY,2013-10-22,10743.7998,10907.5498,10707.8496,10809.0996,10808.9736,49100,yahoo
BANKNIFTY,2013-10-23,10837.0498,10912.7998,10732.3496,10880.6504,10880.5244,49000,yahoo
BANKNIFTY,2013-10-24,10839.4502,11091.5996,10839.4502,10902.4502,10902.3232,41800,yahoo
BANKNIFTY,2013-10-25,10880.8496,10951.75,10797.5996,10896.5,10896.373,30400,yahoo
BANKNIFTY,2013-10-28,10924.4502,11002.4004,10752.3496,10773.2002,10773.0752,28173000,yahoo
BANKNIFTY,2013-10-29,10779.6504,11268.2002,10669,11241.6504,11241.5195,53600,yahoo
BANKNIFTY,2013-10-30,11284.8496,11366.4502,11211.5,11249.3496,11249.2188,35800,yahoo
BANKNIFTY,2013-10-31,11211.2998,11512.5,11170.0498,11473.1504,11473.0166,79500,yahoo
BANKNIFTY,2013-11-01,11472.2002,11694.4502,11443.5996,11628.6504,11628.5156,88500,yahoo
BANKNIFTY,2013-11-05,11539.75,11736.2002,11462.0996,11498.9004,11498.7666,58800,yahoo
BANKNIFTY,2013-11-06,11510.4004,11510.4004,11269.9502,11292.5498,11292.4189,34800,yahoo
BANKNIFTY,2013-11-07,11320.8496,11398.5996,11024.75,11054.9004,11054.7715,44200,yahoo
BANKNIFTY,2013-11-08,11011.0498,11067,10841.5996,10913.1504,10913.0234,42000,yahoo
BANKNIFTY,2013-11-11,10786.25,10940.5,10674.5,10758.4502,10758.3252,40200,yahoo
BANKNIFTY,2013-11-12,10755.6504,10860.3496,10543.1504,10583.0498,10582.9268,41600,yahoo
BANKNIFTY,2013-11-13,10469.0996,10652.2998,10412.0498,10523.3496,10523.2275,55000,yahoo
BANKNIFTY,2013-11-14,10660.6504,10891.9004,10660.6504,10811.2002,10811.0742,36300,yahoo
BANKNIFTY,2013-11-18,10962.25,11156.5996,10962.25,11142.2998,11142.1699,35600,yahoo
BANKNIFTY,2013-11-19,11159.0498,11207.7002,11107.3496,11187.8496,11187.7197,36600,yahoo
BANKNIFTY,2013-11-20,11127.3496,11156.5,10905.5498,10967.1504,10967.0225,34300,yahoo
BANKNIFTY,2013-11-21,10866.2998,10866.2998,10657.8496,10706.9004,10706.7764,37500,yahoo
BANKNIFTY,2013-11-22,10796.4502,10820,10630.5498,10677.3496,10677.2256,31700,yahoo
BANKNIFTY,2013-11-25,10780.5996,11097.9502,10780.5996,11083.4004,11083.2715,35900,yahoo
BANKNIFTY,2013-11-26,11040.6504,11133.4004,10893.2998,10909.3496,10909.2227,66600,yahoo
BANKNIFTY,2013-11-27,10941.5996,10961.3496,10827.75,10899.2998,10899.1729,30100,yahoo
BANKNIFTY,2013-11-28,10994.25,11062.1504,10843,10906.75,10906.623,30900,yahoo
BANKNIFTY,2013-11-29,10941.5996,11186.1504,10941.5996,11153.9502,11153.8203,31900,yahoo
BANKNIFTY,2013-12-02,11180.2998,11347.4502,11180.2998,11284.3496,11284.2188,25900,yahoo
BANKNIFTY,2013-12-03,11250.7002,11310.7002,11174.5,11211.2998,11211.1699,24300,yahoo
BANKNIFTY,2013-12-04,11158.7002,11216.0498,11107.75,11156.75,11156.6201,27800,yahoo
BANKNIFTY,2013-12-05,11469.3496,11685.5498,11469.3496,11665.0996,11664.9639,55100,yahoo
BANKNIFTY,2013-12-06,11648.3496,11770.6504,11579.5,11720.2002,11720.0645,39300,yahoo
BANKNIFTY,2013-12-09,12206.9502,12225.9502,12007.2998,12065.9004,12065.7598,45100,yahoo
BANKNIFTY,2013-12-10,12041,12067.4502,11774.9502,11843.4502,11843.3125,37400,yahoo
BANKNIFTY,2013-12-11,11747.4502,11877.75,11687.5996,11784.3496,11784.2129,28300,yahoo
BANKNIFTY,2013-12-12,11736.25,11781.7002,11622.7002,11635.5,11635.3652,26800,yahoo
BANKNIFTY,2013-12-13,11483.8496,11534.3496,11349.8496,11366.9004,11366.7686,29800,yahoo
BANKNIFTY,2013-12-16,11347.2002,11440.8496,11309.7002,11372.9502,11372.8184,25600,yahoo
BANKNIFTY,2013-12-17,11412.7002,11418.0996,11178,11208.6504,11208.5205,25500,yahoo
BANKNIFTY,2013-12-18,11129.6504,11572.2998,11117.4502,11357.9004,11357.7686,49400,yahoo
BANKNIFTY,2013-12-19,11505.5498,11505.5498,11040.1504,11087.4502,11087.3213,32100,yahoo
BANKNIFTY,2013-12-20,11117.7002,11318.5498,11074.5498,11292.3496,11292.2188,24700,yahoo
BANKNIFTY,2013-12-23,11258.6504,11453.4502,11258.6504,11378.5,11378.3682,27400,yahoo
BANKNIFTY,2013-12-24,11399.1504,11405,11287.2998,11330.6504,11330.5186,23600,yahoo
BANKNIFTY,2013-12-26,11335.7998,11426.4502,11317.4502,11385.75,11385.6172,30300,yahoo
BANKNIFTY,2013-12-27,11409.25,11514.4502,11409.25,11459.7002,11459.5674,21100,yahoo
BANKNIFTY,2013-12-30,11532.5996,11552.4004,11355.0498,11376,11375.8682,18500,yahoo
BANKNIFTY,2013-12-31,11410.25,11427.8496,11316.5498,11385.25,11385.1172,16700,yahoo
INDIAVIX,2013-01-01,14.95,14.95,13.64,13.69,13.69,0,yahoo
INDIAVIX,2013-01-02,13.69,13.91,12.99,13.71,13.71,0,yahoo
INDIAVIX,2013-01-03,13.71,13.94,13.22,13.47,13.47,0,yahoo
INDIAVIX,2013-01-04,13.47,13.63,13.28,13.37,13.37,0,yahoo
INDIAVIX,2013-01-07,13.37,14.04,13.37,13.92,13.92,0,yahoo
INDIAVIX,2013-01-08,13.92,14.06,13.21,13.27,13.27,0,yahoo
INDIAVIX,2013-01-09,13.27,13.56,12.58,13.32,13.32,0,yahoo
INDIAVIX,2013-01-10,13.32,13.63,12.85,13.27,13.27,0,yahoo
INDIAVIX,2013-01-11,13.27,13.35,12.83,13.23,13.23,0,yahoo
INDIAVIX,2013-01-14,13.23,14.02,13.22,13.7,13.7,0,yahoo
INDIAVIX,2013-01-15,13.7,14,13.34,13.58,13.58,0,yahoo
INDIAVIX,2013-01-16,13.58,14.14,13.06,13.99,13.99,0,yahoo
INDIAVIX,2013-01-17,13.99,14.25,13.66,14.01,14.01,0,yahoo
INDIAVIX,2013-01-18,14.01,14.26,13.25,13.89,13.89,0,yahoo
INDIAVIX,2013-01-21,13.89,14.39,13.63,13.66,13.66,0,yahoo
INDIAVIX,2013-01-22,13.66,14.06,12.9,13.89,13.89,0,yahoo
INDIAVIX,2013-01-23,13.89,14.28,13.13,13.67,13.67,0,yahoo
INDIAVIX,2013-01-24,13.67,14.55,12.84,14.46,14.46,0,yahoo
INDIAVIX,2013-01-25,14.46,14.98,14.32,14.77,14.77,0,yahoo
INDIAVIX,2013-01-28,14.77,15.49,14.41,15.17,15.17,0,yahoo
INDIAVIX,2013-01-29,15.17,15.28,14.28,14.47,14.47,0,yahoo
INDIAVIX,2013-01-30,14.47,14.68,14.05,14.38,14.38,0,yahoo
INDIAVIX,2013-01-31,14.38,14.54,13.65,14.13,14.13,0,yahoo
INDIAVIX,2013-02-01,14.13,14.18,13.76,13.76,13.76,0,yahoo
INDIAVIX,2013-02-04,13.76,14.62,13.51,14.34,14.34,0,yahoo
INDIAVIX,2013-02-05,14.34,14.83,14.11,14.61,14.61,0,yahoo
INDIAVIX,2013-02-06,14.61,14.61,14.1,14.26,14.26,0,yahoo
INDIAVIX,2013-02-07,14.26,14.89,13.56,14.89,14.89,0,yahoo
INDIAVIX,2013-02-08,14.89,15.22,13.75,15.16,15.16,0,yahoo
INDIAVIX,2013-02-11,15.16,15.74,14.96,15.65,15.65,0,yahoo
INDIAVIX,2013-02-12,15.65,15.71,14.98,15.31,15.31,0,yahoo
INDIAVIX,2013-02-13,15.31,15.31,14.47,15.14,15.14,0,yahoo
INDIAVIX,2013-02-14,15.14,15.52,14.67,15.09,15.09,0,yahoo
INDIAVIX,2013-02-15,15.09,15.49,14.13,15.24,15.24,0,yahoo
INDIAVIX,2013-02-18,15.24,16.61,15.24,16.29,16.29,0,yahoo
INDIAVIX,2013-02-19,16.29,16.5,15.48,15.81,15.81,0,yahoo
INDIAVIX,2013-02-20,15.81,16.01,14.88,15.6,15.6,0,yahoo
INDIAVIX,2013-02-21,15.6,17.25,15.25,16.94,16.94,0,yahoo
INDIAVIX,2013-02-22,16.94,17.29,16.36,16.79,16.79,0,yahoo
INDIAVIX,2013-02-25,16.79,17.33,16.61,16.73,16.73,0,yahoo
INDIAVIX,2013-02-26,16.73,17.6,16.47,17.36,17.36,0,yahoo
INDIAVIX,2013-02-27,17.36,17.36,16.11,16.23,16.23,0,yahoo
INDIAVIX,2013-02-28,16.23,16.23,14.59,14.86,14.86,0,yahoo
INDIAVIX,2013-03-01,14.86,15.09,13.93,14.06,14.06,0,yahoo
INDIAVIX,2013-03-04,14.06,14.51,13.67,13.67,13.67,0,yahoo
INDIAVIX,2013-03-05,13.67,13.74,13.22,13.39,13.39,0,yahoo
INDIAVIX,2013-03-06,13.39,13.6,12.9,13.4,13.4,0,yahoo
INDIAVIX,2013-03-07,13.4,13.62,12.83,13.07,13.07,0,yahoo
INDIAVIX,2013-03-08,12.85,13.58,12.85,13.34,13.34,0,yahoo
INDIAVIX,2013-03-11,13.34,14.32,13.12,14.25,14.25,0,yahoo
INDIAVIX,2013-03-12,14.25,15.67,13.7,15.13,15.13,0,yahoo
INDIAVIX,2013-03-13,15.13,16.43,14.69,16.2,16.2,0,yahoo
INDIAVIX,2013-03-14,16.2,17.16,14.58,14.66,14.66,0,yahoo
INDIAVIX,2013-03-15,14.66,15.29,14.19,15.16,15.16,0,yahoo
INDIAVIX,2013-03-18,15.16,16.59,15.16,15.85,15.85,0,yahoo
INDIAVIX,2013-03-19,15.85,17.84,14.83,16.71,16.71,0,yahoo
INDIAVIX,2013-03-20,16.71,17.44,16.17,16.66,16.66,0,yahoo
INDIAVIX,2013-03-21,16.66,17.24,15.9,16.51,16.51,0,yahoo
INDIAVIX,2013-03-22,16.51,16.51,15.45,15.54,15.54,0,yahoo
INDIAVIX,2013-03-25,15.54,16.36,14.92,16.36,16.36,0,yahoo
INDIAVIX,2013-03-26,16.36,16.84,15.64,15.8,15.8,0,yahoo
INDIAVIX,2013-03-28,15.8,16.2,15.22,15.22,15.22,0,yahoo
INDIAVIX,2013-04-01,15.22,15.85,14.8,14.85,14.85,0,yahoo
INDIAVIX,2013-04-02,14.85,15.09,14.1,14.1,14.1,0,yahoo
INDIAVIX,2013-04-03,14.1,15.06,13.84,14.87,14.87,0,yahoo
INDIAVIX,2013-04-04,14.87,16.08,14.8,15.85,15.85,0,yahoo
INDIAVIX,2013-04-05,15.85,16.47,15.23,16.16,16.16,0,yahoo
INDIAVIX,2013-04-08,15.67,16.96,15.67,16.77,16.77,0,yahoo
INDIAVIX,2013-04-09,15.82,17.26,15.82,16.82,16.82,0,yahoo
INDIAVIX,2013-04-10,16.82,17.43,16.03,16.49,16.49,0,yahoo
INDIAVIX,2013-04-11,16.49,17.59,15.99,16.97,16.97,0,yahoo
INDIAVIX,2013-04-12,16.97,17.26,16.33,16.45,16.45,0,yahoo
INDIAVIX,2013-04-15,16.45,17.07,16.24,16.61,16.61,0,yahoo
INDIAVIX,2013-04-16,16.61,16.8,16.04,16.25,16.25,0,yahoo
INDIAVIX,2013-04-17,16.25,16.58,15.76,16.36,16.36,0,yahoo
INDIAVIX,2013-04-18,16.36,16.49,15.21,15.36,15.36,0,yahoo
INDIAVIX,2013-04-22,15.36,17.25,15.36,16.22,16.22,0,yahoo
INDIAVIX,2013-04-23,16.22,16.45,14.63,15.07,15.07,0,yahoo
INDIAVIX,2013-04-25,15.07,15.58,13.87,14.2,14.2,0,yahoo
INDIAVIX,2013-04-26,14.6,14.6,13.84,13.88,13.88,0,yahoo
INDIAVIX,2013-04-29,13.88,14.72,13.88,14.33,14.33,0,yahoo
INDIAVIX,2013-04-30,14.33,15.64,13.81,15.1,15.1,0,yahoo
INDIAVIX,2013-05-02,15.1,16.73,15.1,16.28,16.28,0,yahoo
INDIAVIX,2013-05-03,16.28,16.55,15.43,15.55,15.55,0,yahoo
INDIAVIX,2013-05-06,15.55,16.59,15.53,15.84,15.84,0,yahoo
INDIAVIX,2013-05-07,15.84,16.53,15.56,16.5,16.5,0,yahoo
INDIAVIX,2013-05-08,16.5,17.22,16.01,16.76,16.76,0,yahoo
INDIAVIX,2013-05-09,16.76,17.15,16.53,16.6,16.6,0,yahoo
INDIAVIX,2013-05-10,16.6,17.13,16.4,16.86,16.86,0,yahoo
INDIAVIX,2013-05-13,16.84,17.79,16.77,17.51,17.51,0,yahoo
INDIAVIX,2013-05-14,16.53,17.7,16.53,17.17,17.17,0,yahoo
INDIAVIX,2013-05-15,17.17,18.16,16.54,18.13,18.13,0,yahoo
INDIAVIX,2013-05-16,18.13,18.52,17.46,17.74,17.74,0,yahoo
INDIAVIX,2013-05-17,17.74,17.83,16.76,17.57,17.57,0,yahoo
INDIAVIX,2013-05-20,17.57,17.99,17.3,17.71,17.71,0,yahoo
INDIAVIX,2013-05-21,16.99,18.22,16.99,17.88,17.88,0,yahoo
INDIAVIX,2013-05-22,17.88,18.03,16.95,17.72,17.72,0,yahoo
INDIAVIX,2013-05-23,17.72,19.36,16.96,18.73,18.73,0,yahoo
INDIAVIX,2013-05-24,18.73,18.8,17.61,17.7,17.7,0,yahoo
INDIAVIX,2013-05-27,17.7,18.04,16.68,17.03,17.03,0,yahoo
INDIAVIX,2013-05-28,17.03,17.62,16.63,17.12,17.12,0,yahoo
INDIAVIX,2013-05-29,16.79,17.87,16.79,17.86,17.86,0,yahoo
INDIAVIX,2013-05-30,17.86,17.86,15.84,16.04,16.04,0,yahoo
INDIAVIX,2013-05-31,16.04,17.21,15.88,16.99,16.99,0,yahoo
INDIAVIX,2013-06-03,16.99,17.92,16.99,17.29,17.29,0,yahoo
INDIAVIX,2013-06-04,17.29,17.55,16.72,17.26,17.26,0,yahoo
INDIAVIX,2013-06-05,16.79,17.5,16.78,16.78,16.78,0,yahoo
INDIAVIX,2013-06-06,16.78,17.52,16.59,17.35,17.35,0,yahoo
INDIAVIX,2013-06-07,17.35,17.51,16.78,17.35,17.35,0,yahoo
INDIAVIX,2013-06-10,17.35,18.63,17.04,18.11,18.11,0,yahoo
INDIAVIX,2013-06-11,17.41,19.59,17.41,19.49,19.49,0,yahoo
INDIAVIX,2013-06-12,19.49,19.85,18.75,18.85,18.85,0,yahoo
INDIAVIX,2013-06-13,18.85,19.77,17.76,19.44,19.44,0,yahoo
INDIAVIX,2013-06-14,19.44,19.44,17.65,18.35,18.35,0,yahoo
INDIAVIX,2013-06-17,18.28,19.35,18.13,18.18,18.18,0,yahoo
INDIAVIX,2013-06-18,17.89,18.85,17.89,18.29,18.29,0,yahoo
INDIAVIX,2013-06-19,18.29,18.68,17.75,18.46,18.46,0,yahoo
INDIAVIX,2013-06-20,18.46,19.74,17.85,19.19,19.19,0,yahoo
INDIAVIX,2013-06-21,19.19,19.73,18.19,19.03,19.03,0,yahoo
INDIAVIX,2013-06-24,19.03,21.79,18.48,21.01,21.01,0,yahoo
INDIAVIX,2013-06-25,21.01,22.11,20.33,21.14,21.14,0,yahoo
INDIAVIX,2013-06-26,21.14,21.22,20.08,21.07,21.07,0,yahoo
INDIAVIX,2013-06-27,21.07,21.07,18.62,18.85,18.85,0,yahoo
INDIAVIX,2013-06-28,18.85,18.85,17.62,17.95,17.95,0,yahoo
INDIAVIX,2013-07-01,17.95,18.72,17.95,18.09,18.09,0,yahoo
INDIAVIX,2013-07-02,18.09,18.55,17.98,18.21,18.21,0,yahoo
INDIAVIX,2013-07-03,18.21,19.13,17.81,18.91,18.91,0,yahoo
INDIAVIX,2013-07-04,18.91,19,18,18.58,18.58,0,yahoo
INDIAVIX,2013-07-05,18.58,19.01,17.75,18.67,18.67,0,yahoo
INDIAVIX,2013-07-08,18.67,19.85,18.38,19.34,19.34,0,yahoo
INDIAVIX,2013-07-09,19.34,19.53,18.41,19.32,19.32,0,yahoo
INDIAVIX,2013-07-10,19.32,20.11,18.33,19.98,19.98,0,yahoo
INDIAVIX,2013-07-11,19.98,19.98,18.13,18.89,18.89,0,yahoo
INDIAVIX,2013-07-12,18.89,18.96,17.68,18.69,18.69,0,yahoo
INDIAVIX,2013-07-15,18.69,19.54,17.63,18.79,18.79,0,yahoo
INDIAVIX,2013-07-16,18.79,19.82,17.79,18.99,18.99,0,yahoo
INDIAVIX,2013-07-17,18.99,19.59,17.76,19.36,19.36,0,yahoo
INDIAVIX,2013-07-18,19.36,19.4,18.07,18.27,18.27,0,yahoo
INDIAVIX,2013-07-19,18.27,18.28,17.71,18.13,18.13,0,yahoo
INDIAVIX,2013-07-22,18.03,18.66,17.62,17.63,17.63,0,yahoo
INDIAVIX,2013-07-23,17.63,17.63,16.43,16.72,16.72,0,yahoo
INDIAVIX,2013-07-24,16.72,18.05,16.6,16.91,16.91,0,yahoo
INDIAVIX,2013-07-25,16.98,17.09,16.18,16.72,16.72,0,yahoo
INDIAVIX,2013-07-26,16.54,17.05,16.27,16.78,16.78,0,yahoo
INDIAVIX,2013-07-29,16.78,18.42,16.78,18.25,18.25,0,yahoo
INDIAVIX,2013-07-30,18.25,18.46,17.06,18.12,18.12,0,yahoo
INDIAVIX,2013-07-31,18.12,19.29,18.12,18.77,18.77,0,yahoo
INDIAVIX,2013-08-01,18.77,20.9,17.72,19.81,19.81,0,yahoo
INDIAVIX,2013-08-02,19.81,21.22,19,20.89,20.89,0,yahoo
INDIAVIX,2013-08-05,20.89,21.62,20.56,20.8,20.8,0,yahoo
INDIAVIX,2013-08-06,20.8,22.75,20.32,22.73,22.73,0,yahoo
INDIAVIX,2013-08-07,22.73,23.28,21.86,22.04,22.04,0,yahoo
INDIAVIX,2013-08-08,22.04,22.04,20.59,21.19,21.19,0,yahoo
INDIAVIX,2013-08-12,21.19,21.99,20.17,21.28,21.28,0,yahoo
INDIAVIX,2013-08-13,20.26,21.11,19.07,19.26,19.26,0,yahoo
INDIAVIX,2013-08-14,19.26,19.62,18.27,18.7,18.7,0,yahoo
INDIAVIX,2013-08-16,18.7,24.76,18.07,23.64,23.64,0,yahoo
INDIAVIX,2013-08-19,23.64,26.99,23.64,25.59,25.59,0,yahoo
INDIAVIX,2013-08-20,25.59,27.43,24.86,27.23,27.23,0,yahoo
INDIAVIX,2013-08-21,27.23,29.96,24.25,28.09,28.09,0,yahoo
INDIAVIX,2013-08-22,28.09,29.86,27.99,29.06,29.06,0,yahoo
INDIAVIX,2013-08-23,27.68,27.84,25.34,25.75,25.75,0,yahoo
INDIAVIX,2013-08-26,25.75,27.43,24.72,26.38,26.38,0,yahoo
INDIAVIX,2013-08-27,26.38,30.04,25.97,29.42,29.42,0,yahoo
INDIAVIX,2013-08-28,29.42,36.02,29.42,32.38,32.38,0,yahoo
INDIAVIX,2013-08-29,32.38,32.44,28.83,29.41,29.41,0,yahoo
INDIAVIX,2013-08-30,29.41,30.31,27.11,27.81,27.81,0,yahoo
INDIAVIX,2013-09-02,27.81,28.55,26.97,27.55,27.55,0,yahoo
INDIAVIX,2013-09-03,27.55,32.66,26.76,32.49,32.49,0,yahoo
INDIAVIX,2013-09-04,32.49,33.02,30.83,31.11,31.11,0,yahoo
INDIAVIX,2013-09-05,31.11,31.11,27.51,28.53,28.53,0,yahoo
INDIAVIX,2013-09-06,28.53,29.28,27.63,28.65,28.65,0,yahoo
INDIAVIX,2013-09-10,28.65,29.52,27.09,29.44,29.44,0,yahoo
INDIAVIX,2013-09-11,29.44,31.16,28.48,29.75,29.75,0,yahoo
INDIAVIX,2013-09-12,29.75,30.8,26.7,29.71,29.71,0,yahoo
INDIAVIX,2013-09-13,29.71,29.71,28.17,28.29,28.29,0,yahoo
INDIAVIX,2013-09-16,28.29,29.67,25.9,28.82,28.82,0,yahoo
INDIAVIX,2013-09-17,28.82,29.58,27.6,27.93,27.93,0,yahoo
INDIAVIX,2013-09-18,27.93,28.49,26.99,27.69,27.69,0,yahoo
INDIAVIX,2013-09-19,23.62,25.36,23.56,24.5,24.5,0,yahoo
INDIAVIX,2013-09-20,24.5,26.18,23.4,24.73,24.73,0,yahoo
INDIAVIX,2013-09-23,24.73,27.24,24.73,27.02,27.02,0,yahoo
INDIAVIX,2013-09-24,27.02,28.49,26.27,26.72,26.72,0,yahoo
INDIAVIX,2013-09-25,26.72,27.05,25.05,25.68,25.68,0,yahoo
INDIAVIX,2013-09-26,25.68,25.8,23.57,24,24,0,yahoo
INDIAVIX,2013-09-27,24,25.24,23.36,24.06,24.06,0,yahoo
INDIAVIX,2013-09-30,25,26.65,24.91,26.65,26.65,0,yahoo
INDIAVIX,2013-10-01,26.65,28.02,25.74,25.77,25.77,0,yahoo
INDIAVIX,2013-10-03,25.77,25.89,24.93,25.17,25.17,0,yahoo
INDIAVIX,2013-10-04,24.5,26.74,24.5,26.13,26.13,0,yahoo
INDIAVIX,2013-10-07,26.13,27.93,26.13,26.83,26.83,0,yahoo
INDIAVIX,2013-10-08,26.83,27.38,24.65,26.55,26.55,0,yahoo
INDIAVIX,2013-10-09,26.03,27.16,25.75,25.87,25.87,0,yahoo
INDIAVIX,2013-10-10,25.87,26.95,25.02,25.88,25.88,0,yahoo
INDIAVIX,2013-10-11,23.08,25.42,23.08,23.59,23.59,0,yahoo
INDIAVIX,2013-10-14,23.59,24.42,22.72,22.85,22.85,0,yahoo
INDIAVIX,2013-10-15,22.85,23.99,20.91,23.24,23.24,0,yahoo
INDIAVIX,2013-10-17,23.24,23.24,21.02,21.06,21.06,0,yahoo
INDIAVIX,2013-10-18,21.06,21.06,19.32,20.12,20.12,0,yahoo
INDIAVIX,2013-10-21,19.16,21.1,19.16,20.18,20.18,0,yahoo
INDIAVIX,2013-10-22,20.18,20.43,19.21,19.96,19.96,0,yahoo
INDIAVIX,2013-10-23,19.96,20.79,18.76,20.35,20.35,0,yahoo
INDIAVIX,2013-10-24,20.35,21.27,19.2,20.64,20.64,0,yahoo
INDIAVIX,2013-10-25,20.64,21.04,19.87,20.42,20.42,0,yahoo
INDIAVIX,2013-10-28,20.42,21.56,20.11,21.29,21.29,0,yahoo
INDIAVIX,2013-10-29,21.29,21.54,19.6,19.76,19.76,0,yahoo
INDIAVIX,2013-10-30,19.76,20.06,18.84,19.53,19.53,0,yahoo
INDIAVIX,2013-10-31,19.53,19.75,18.21,18.39,18.39,0,yahoo
INDIAVIX,2013-11-01,18.39,19.39,17.86,18.64,18.64,0,yahoo
INDIAVIX,2013-11-05,19.49,20.26,19.28,19.94,19.94,0,yahoo
INDIAVIX,2013-11-06,19.94,20.46,18.55,20.25,20.25,0,yahoo
INDIAVIX,2013-11-07,20.25,20.63,19.62,19.87,19.87,0,yahoo
INDIAVIX,2013-11-08,19.87,20.49,19.16,19.64,19.64,0,yahoo
INDIAVIX,2013-11-11,19.64,20.71,19.32,19.98,19.98,0,yahoo
INDIAVIX,2013-11-12,19.98,20.86,18.73,20.86,20.86,0,yahoo
INDIAVIX,2013-11-13,20.86,21.12,20.15,20.45,20.45,0,yahoo
INDIAVIX,2013-11-14,18.62,19.6,18.58,19.26,19.26,0,yahoo
INDIAVIX,2013-11-18,19.26,19.55,17.48,18.82,18.82,0,yahoo
INDIAVIX,2013-11-19,17.7,19.39,17.7,19.3,19.3,0,yahoo
INDIAVIX,2013-11-20,19.3,20.88,18.24,20.83,20.83,0,yahoo
INDIAVIX,2013-11-21,20.83,22.36,19.76,21.14,21.14,0,yahoo
INDIAVIX,2013-11-22,21.14,21.32,19.97,20.04,20.04,0,yahoo
INDIAVIX,2013-11-25,20.04,21.27,19.49,21.05,21.05,0,yahoo
INDIAVIX,2013-11-26,21.05,22.01,20.3,21.59,21.59,0,yahoo
INDIAVIX,2013-11-27,21.59,22.01,20.54,21.14,21.14,0,yahoo
INDIAVIX,2013-11-28,20.18,20.91,20.18,20.71,20.71,0,yahoo
INDIAVIX,2013-11-29,20.37,21.53,20.25,21.38,21.38,0,yahoo
INDIAVIX,2013-12-02,21.38,23.36,21.3,23.36,23.36,0,yahoo
INDIAVIX,2013-12-03,23.36,25.09,22.96,24.72,24.72,0,yahoo
INDIAVIX,2013-12-04,24.72,25.45,23.34,23.71,23.71,0,yahoo
INDIAVIX,2013-12-05,20.58,22.07,20.08,21.68,21.68,0,yahoo
INDIAVIX,2013-12-06,21.68,22.36,21.08,22.21,22.21,0,yahoo
INDIAVIX,2013-12-09,22.21,22.21,18.09,19.16,19.16,0,yahoo
INDIAVIX,2013-12-10,19.16,19.16,17.96,17.98,17.98,0,yahoo
INDIAVIX,2013-12-11,17.98,18.53,17.08,17.54,17.54,0,yahoo
INDIAVIX,2013-12-12,17.03,17.93,17.03,17.74,17.74,0,yahoo
INDIAVIX,2013-12-13,16.79,18,16.79,17.84,17.84,0,yahoo
INDIAVIX,2013-12-16,17.84,18.76,17.54,18.36,18.36,0,yahoo
INDIAVIX,2013-12-17,18.36,18.61,17.13,18.33,18.33,0,yahoo
INDIAVIX,2013-12-18,18.33,18.46,17.06,17.54,17.54,0,yahoo
INDIAVIX,2013-12-19,17.54,17.54,15.63,16.58,16.58,0,yahoo
INDIAVIX,2013-12-20,16.58,16.72,15.51,16.02,16.02,0,yahoo
INDIAVIX,2013-12-23,16.02,17.13,15.91,16.26,16.26,0,yahoo
INDIAVIX,2013-12-24,16.26,16.94,15.52,15.58,15.58,0,yahoo
INDIAVIX,2013-12-26,15.58,16.27,14.62,14.88,14.88,0,yahoo
INDIAVIX,2013-12-27,14.88,15.51,14.62,14.66,14.66,0,yahoo
INDIAVIX,2013-12-30,14.66,15.52,14.66,15.08,15.08,0,yahoo
INDIAVIX,2013-12-31,15.08,15.44,14.75,15.12,15.12,0,yahoo
NIFTY50,2013-01-02,5982.6001,6006.0498,5982,5993.25,5993.25,0,yahoo
NIFTY50,2013-01-03,6015.7998,6017,5986.5498,6009.5,6009.5,0,yahoo
NIFTY50,2013-01-04,6011.9502,6020.75,5981.5498,6016.1499,6016.1499,0,yahoo
NIFTY50,2013-01-07,6042.1499,6042.1499,5977.1499,5988.3999,5988.3999,0,yahoo
NIFTY50,2013-01-08,5983.4502,6007.0498,5964.3999,6001.7002,6001.7002,0,yahoo
NIFTY50,2013-01-09,6006.2002,6020.1001,5958.4502,5971.5,5971.5,0,yahoo
NIFTY50,2013-01-10,5998.7998,6005.1499,5947.2998,5968.6499,5968.6499,0,yahoo
NIFTY50,2013-01-11,6012.3999,6018.8501,5940.6001,5951.2998,5951.2998,0,yahoo
NIFTY50,2013-01-14,5967.2002,6036.8999,5962.1499,6024.0498,6024.0498,0,yahoo
NIFTY50,2013-01-15,6037.8501,6068.5,6018.6001,6056.6001,6056.6001,0,yahoo
NIFTY50,2013-01-16,6049,6055.9502,5992.0498,6001.8501,6001.8501,0,yahoo
NIFTY50,2013-01-17,6001.25,6053.2002,5988.1001,6039.2002,6039.2002,0,yahoo
NIFTY50,2013-01-18,6059.8501,6083.3999,6048.2998,6064.3999,6064.3999,0,yahoo
NIFTY50,2013-01-21,6085.75,6094.3501,6065.1001,6082.2998,6082.2998,130900,yahoo
NIFTY50,2013-01-22,6080.1499,6101.2998,6040.5,6048.5,6048.5,129000,yahoo
NIFTY50,2013-01-23,6052.8501,6069.7998,6021.1499,6054.2998,6054.2998,137000,yahoo
NIFTY50,2013-01-24,6046.2002,6065.2998,6007.8501,6019.3501,6019.3501,185200,yahoo
NIFTY50,2013-01-25,6024.5,6080.5498,6014.4502,6074.6499,6074.6499,147600,yahoo
NIFTY50,2013-01-28,6082.1001,6088.3999,6061.3999,6074.7998,6074.7998,113100,yahoo
NIFTY50,2013-01-29,6064.7002,6111.7998,6042.4502,6049.8999,6049.8999,157600,yahoo
NIFTY50,2013-01-30,6065,6071.9502,6044.1499,6055.75,6055.75,124200,yahoo
NIFTY50,2013-01-31,6045.6499,6058.0498,6025.1499,6034.75,6034.75,168500,yahoo
NIFTY50,2013-02-01,6040.9502,6052.9502,5983.2002,5998.8999,5998.8999,159300,yahoo
NIFTY50,2013-02-04,6025.2002,6038.5,5981.25,5987.25,5987.25,141700,yahoo
NIFTY50,2013-02-05,5948.2002,5970.3501,5946.8999,5956.8999,5956.8999,136200,yahoo
NIFTY50,2013-02-06,5988.0498,5990.8999,5953.1499,5959.2002,5959.2002,157800,yahoo
NIFTY50,2013-02-07,5936.4502,5978.5,5927.6001,5938.7998,5938.7998,157600,yahoo
NIFTY50,2013-02-08,5929.1001,5953.7002,5883.6499,5903.5,5903.5,192600,yahoo
NIFTY50,2013-02-11,5920.0498,5924.1499,5879.1001,5897.8501,5897.8501,122000,yahoo
NIFTY50,2013-02-12,5894.3501,5927.6499,5886.4502,5922.5,5922.5,142800,yahoo
NIFTY50,2013-02-13,5943.1499,5969.5,5922.9502,5932.9502,5932.9502,142600,yahoo
NIFTY50,2013-02-14,5933.2002,5940.2002,5884.5498,5896.9502,5896.9502,143800,yahoo
NIFTY50,2013-02-15,5869.9502,5899.9502,5853.8999,5887.3999,5887.3999,125100,yahoo
NIFTY50,2013-02-18,5888.6499,5911,5878.4502,5898.2002,5898.2002,114300,yahoo
NIFTY50,2013-02-19,5900.2002,5947.5498,5883.1499,5939.7002,5939.7002,101000,yahoo
NIFTY50,2013-02-20,5966.2998,5971,5937.5498,5943.0498,5943.0498,135400,yahoo
NIFTY50,2013-02-21,5909.6499,5921.1499,5844.3999,5852.25,5852.25,159400,yahoo
NIFTY50,2013-02-22,5837.9502,5873.7998,5835.7998,5850.2998,5850.2998,157000,yahoo
NIFTY50,2013-02-25,5870.5498,5878.3999,5825,5854.75,5854.75,125100,yahoo
NIFTY50,2013-02-26,5838.2998,5838.8501,5748.6001,5761.3501,5761.3501,157400,yahoo
NIFTY50,2013-02-27,5784.8999,5818.2002,5749.7002,5796.8999,5796.8999,175200,yahoo
NIFTY50,2013-02-28,5834.3501,5849.8999,5671.8999,5693.0498,5693.0498,334900,yahoo
NIFTY50,2013-03-01,5702.4502,5739.4502,5679.8999,5719.7002,5719.7002,174500,yahoo
NIFTY50,2013-03-04,5704.7002,5712,5663.6001,5698.5,5698.5,144900,yahoo
NIFTY50,2013-03-05,5722.4502,5790.1001,5722.3999,5784.25,5784.25,154400,yahoo
NIFTY50,2013-03-06,5816.3999,5828.7002,5795.0498,5818.6001,5818.6001,156900,yahoo
NIFTY50,2013-03-07,5801.2998,5878,5801.2998,5863.2998,5863.2998,134700,yahoo
NIFTY50,2013-03-08,5883.6499,5952.8501,5883,5945.7002,5945.7002,150800,yahoo
NIFTY50,2013-03-11,5946.1001,5971.2002,5930.3501,5942.3501,5942.3501,125400,yahoo
NIFTY50,2013-03-12,5944.6001,5952,5893.6499,5914.1001,5914.1001,115900,yahoo
NIFTY50,2013-03-13,5884.7998,5893.8501,5842.25,5851.2002,5851.2002,116700,yahoo
NIFTY50,2013-03-14,5845.9502,5920.1499,5791.75,5908.9502,5908.9502,149000,yahoo
NIFTY50,2013-03-15,5914.8999,5945.6499,5861,5872.6001,5872.6001,152200,yahoo
NIFTY50,2013-03-18,5816.75,5850.2002,5814.3501,5835.25,5835.25,102700,yahoo
NIFTY50,2013-03-19,5859.5,5863.6001,5724.2998,5745.9502,5745.9502,182300,yahoo
NIFTY50,2013-03-20,5740.5498,5745.2998,5682.2998,5694.3999,5694.3999,187600,yahoo
NIFTY50,2013-03-21,5705.8999,5757.75,5647.9502,5658.75,5658.75,179200,yahoo
NIFTY50,2013-03-22,5659.7998,5691.4502,5631.7998,5651.3501,5651.3501,165300,yahoo
NIFTY50,2013-03-25,5707.2998,5718.3999,5624.3999,5633.8501,5633.8501,150400,yahoo
NIFTY50,2013-03-26,5613.75,5655.2998,5612.0498,5641.6001,5641.6001,126500,yahoo
NIFTY50,2013-03-28,5647.75,5692.9502,5604.8501,5682.5498,5682.5498,209700,yahoo
NIFTY50,2013-04-01,5697.3501,5720.9502,5675.8999,5704.3999,5704.3999,97800,yahoo
NIFTY50,2013-04-02,5701.7002,5754.6001,5687.1499,5748.1001,5748.1001,106400,yahoo
NIFTY50,2013-04-03,5740.2002,5744.9502,5650.1001,5672.8999,5672.8999,140700,yahoo
NIFTY50,2013-04-04,5640.6499,5644.4502,5565.6499,5574.75,5574.75,134600,yahoo
NIFTY50,2013-04-05,5568.1001,5577.2998,5534.7002,5553.25,5553.25,137500,yahoo
NIFTY50,2013-04-08,5550.5,5569.2002,5537.0498,5542.9502,5542.9502,97000,yahoo
NIFTY50,2013-04-09,5568.75,5603.0498,5487,5495.1001,5495.1001,138200,yahoo
NIFTY50,2013-04-10,5536.25,5569.25,5477.2002,5558.7002,5558.7002,128600,yahoo
NIFTY50,2013-04-11,5601.6499,5610.6499,5542.8501,5594,5594,146800,yahoo
NIFTY50,2013-04-12,5520.7002,5544.5,5494.8999,5528.5498,5528.5498,127300,yahoo
NIFTY50,2013-04-15,5508.5,5592.8501,5500.2998,5568.3999,5568.3999,142900,yahoo
NIFTY50,2013-04-16,5562.4502,5699.25,5555.8501,5688.9502,5688.9502,142700,yahoo
NIFTY50,2013-04-17,5708.6499,5732.1499,5669,5688.7002,5688.7002,154600,yahoo
NIFTY50,2013-04-18,5682.7002,5794.3501,5681.8501,5783.1001,5783.1001,149900,yahoo
NIFTY50,2013-04-22,5789.8501,5844.8501,5789.7998,5834.3999,5834.3999,135100,yahoo
NIFTY50,2013-04-23,5843.1001,5844.2998,5791.5498,5836.8999,5836.8999,132200,yahoo
NIFTY50,2013-04-25,5856.1001,5924.6001,5853.2998,5916.2998,5916.2998,199600,yahoo
NIFTY50,2013-04-26,5899.75,5907.0498,5860.5,5871.4502,5871.4502,141300,yahoo
NIFTY50,2013-04-29,5877.6001,5918.6499,5868.7998,5904.1001,5904.1001,118900,yahoo
NIFTY50,2013-04-30,5932.6001,5962.2998,5867.7998,5930.2002,5930.2002,153200,yahoo
NIFTY50,2013-05-02,5911.3999,6019.4502,5910.9502,5999.3501,5999.3501,162400,yahoo
NIFTY50,2013-05-03,5993.5,6000.2998,5930.1499,5944,5944,145800,yahoo
NIFTY50,2013-05-06,5944.8999,5976.5,5928.4502,5971.0498,5971.0498,110200,yahoo
NIFTY50,2013-05-07,5983.4502,6050.5,5982.9502,6043.5498,6043.5498,136400,yahoo
NIFTY50,2013-05-08,6064.1499,6083.5498,6024.9502,6069.2998,6069.2998,122300,yahoo
NIFTY50,2013-05-09,6078.3501,6084.7002,6040.4502,6050.1499,6050.1499,110000,yahoo
NIFTY50,2013-05-10,6046.25,6105.2998,6045.6001,6094.75,6094.75,111400,yahoo
NIFTY50,2013-05-13,6098.2002,6104.9502,5972.8999,5980.4502,5980.4502,107900,yahoo
NIFTY50,2013-05-14,5989.7002,6026.2002,5970.0498,5995.3999,5995.3999,119300,yahoo
NIFTY50,2013-05-15,6018.8501,6157.1001,6018.8501,6146.75,6146.75,153900,yahoo
NIFTY50,2013-05-16,6128.25,6187.2998,6128.25,6169.8999,6169.8999,158600,yahoo
NIFTY50,2013-05-17,6172.9502,6199.9502,6146.1499,6187.2998,6187.2998,147300,yahoo
NIFTY50,2013-05-20,6198,6229.4502,6146.0498,6156.8999,6156.8999,122300,yahoo
NIFTY50,2013-05-21,6152.3501,6180.25,6102.3501,6114.1001,6114.1001,130600,yahoo
NIFTY50,2013-05-22,6127.0498,6147.6001,6074.4502,6094.5,6094.5,133800,yahoo
NIFTY50,2013-05-23,6050.3999,6081.4502,5955.7002,5967.0498,5967.0498,198900,yahoo
NIFTY50,2013-05-24,6010.7002,6015.2998,5936.7998,5983.5498,5983.5498,161600,yahoo
NIFTY50,2013-05-27,5989.3999,6099.8999,5975.5498,6083.1499,6083.1499,115100,yahoo
NIFTY50,2013-05-28,6086.3501,6127.6499,6055.3999,6111.25,6111.25,139700,yahoo
NIFTY50,2013-05-29,6120.4502,6125.0498,6069.7998,6104.2998,6104.2998,120200,yahoo
NIFTY50,2013-05-30,6072.1499,6133.75,6072.1499,6124.0498,6124.0498,194100,yahoo
NIFTY50,2013-05-31,6098.7002,6106.25,5975.5498,5985.9502,5985.9502,175300,yahoo
NIFTY50,2013-06-03,5997.3501,6011,5916.3501,5939.2998,5939.2998,112100,yahoo
NIFTY50,2013-06-04,5941.1001,5981.6001,5910.25,5919.4502,5919.4502,114500,yahoo
NIFTY50,2013-06-05,5908.2998,5935.2002,5883.7002,5923.8501,5923.8501,110200,yahoo
NIFTY50,2013-06-06,5895,5956.5498,5869.5,5921.3999,5921.3999,114200,yahoo
NIFTY50,2013-06-07,5900.0498,5972.7002,5871.2998,5881,5881,118300,yahoo
NIFTY50,2013-06-10,5907.8999,5931.6499,5857.3999,5878,5878,100100,yahoo
NIFTY50,2013-06-11,5848.75,5868.0498,5780.3501,5788.7998,5788.7998,180900,yahoo
NIFTY50,2013-06-12,5771.75,5792.8999,5738.6001,5760.2002,5760.2002,140400,yahoo
NIFTY50,2013-06-13,5709.3501,5729.8501,5683.1001,5699.1001,5699.1001,142000,yahoo
NIFTY50,2013-06-14,5748.9502,5819.3999,5739.3999,5808.3999,5808.3999,124400,yahoo
NIFTY50,2013-06-17,5820.3999,5854.8999,5770.25,5850.0498,5850.0498,107200,yahoo
NIFTY50,2013-06-18,5841.8999,5863.3999,5804.2998,5813.6001,5813.6001,117500,yahoo
NIFTY50,2013-06-19,5805.75,5828.3999,5777.8999,5822.25,5822.25,115500,yahoo
NIFTY50,2013-06-20,5754.1499,5755,5645.6499,5655.8999,5655.8999,198400,yahoo
NIFTY50,2013-06-21,5639.8999,5686.1499,5616.8501,5667.6499,5667.6499,182400,yahoo
NIFTY50,2013-06-24,5638.0498,5640,5566.25,5590.25,5590.25,193500,yahoo
NIFTY50,2013-06-25,5606.9502,5666.25,5570.25,5609.1001,5609.1001,196600,yahoo
NIFTY50,2013-06-26,5627.9502,5635.25,5579.3501,5588.7002,5588.7002,160100,yahoo
NIFTY50,2013-06-27,5647.9502,5699.3501,5630.9502,5682.3501,5682.3501,239000,yahoo
NIFTY50,2013-06-28,5749.5,5852.9502,5749.5,5842.2002,5842.2002,214400,yahoo
NIFTY50,2013-07-01,5834.1001,5904.3501,5822.2002,5898.8501,5898.8501,144800,yahoo
NIFTY50,2013-07-02,5885.5,5898.7998,5852.2998,5857.5498,5857.5498,145700,yahoo
NIFTY50,2013-07-03,5811.9502,5815,5760.3999,5770.8999,5770.8999,160500,yahoo
NIFTY50,2013-07-04,5794.75,5848.2002,5786.0498,5836.9502,5836.9502,151900,yahoo
NIFTY50,2013-07-05,5889.9502,5900.4502,5858.4502,5867.8999,5867.8999,123600,yahoo
NIFTY50,2013-07-08,5833.1499,5833.8501,5775.5498,5811.5498,5811.5498,127600,yahoo
NIFTY50,2013-07-09,5834.6001,5864.9502,5834.6001,5859,5859,110400,yahoo
NIFTY50,2013-07-10,5869.8999,5879.3501,5802.8501,5816.7002,5816.7002,117500,yahoo
NIFTY50,2013-07-11,5894.5,5948.8501,5887.9502,5935.1001,5935.1001,120200,yahoo
NIFTY50,2013-07-12,6000.5,6019,5951.1499,6009,6009,127700,yahoo
NIFTY50,2013-07-15,5991.2002,6038.2002,5980.9502,6030.7998,6030.7998,116300,yahoo
NIFTY50,2013-07-16,5930.7998,5966.0498,5910.9502,5955.25,5955.25,151200,yahoo
NIFTY50,2013-07-17,5972.25,5989.7998,5926.75,5973.2998,5973.2998,191500,yahoo
NIFTY50,2013-07-18,5984.7002,6051.1001,5974.5498,6038.0498,6038.0498,171700,yahoo
NIFTY50,2013-07-19,6057.2002,6066.8501,6020.25,6029.2002,6029.2002,163300,yahoo
NIFTY50,2013-07-22,6009.75,6064.1499,6004.25,6031.7998,6031.7998,115200,yahoo
NIFTY50,2013-07-23,6064.2998,6093.3501,6061.2998,6077.7998,6077.7998,126500,yahoo
NIFTY50,2013-07-24,6032.2002,6047.25,5962.6001,5990.5,5990.5,151900,yahoo
NIFTY50,2013-07-25,5970.3999,5990.6499,5896.3999,5907.5,5907.5,237100,yahoo
NIFTY50,2013-07-26,5937.9502,5944.5,5869.5,5886.2002,5886.2002,174500,yahoo
NIFTY50,2013-07-29,5869.9502,5886,5825.7998,5831.6499,5831.6499,173400,yahoo
NIFTY50,2013-07-30,5836.0498,5861.2998,5747.6001,5755.0498,5755.0498,181500,yahoo
NIFTY50,2013-07-31,5738.3501,5752.1001,5675.75,5742,5742,235500,yahoo
NIFTY50,2013-08-01,5776.8999,5808.5,5676.8501,5727.8501,5727.8501,216800,yahoo
NIFTY50,2013-08-02,5750.0498,5761.8501,5649,5677.8999,5677.8999,222500,yahoo
NIFTY50,2013-08-05,5682.3999,5721,5661.5,5685.3999,5685.3999,197200,yahoo
NIFTY50,2013-08-06,5664.8999,5664.8999,5521.7998,5542.25,5542.25,216200,yahoo
NIFTY50,2013-08-07,5549.2998,5561.4502,5486.8501,5519.1001,5519.1001,245000,yahoo
NIFTY50,2013-08-08,5510.0498,5577.6001,5510.0498,5565.6499,5565.6499,204900,yahoo
NIFTY50,2013-08-12,5606.7002,5644.1001,5557.1001,5612.3999,5612.3999,195700,yahoo
NIFTY50,2013-08-13,5600.25,5704.75,5578.8999,5699.2998,5699.2998,223000,yahoo
NIFTY50,2013-08-14,5715.3999,5754.5498,5690.2002,5742.2998,5742.2998,223700,yahoo
NIFTY50,2013-08-16,5705.4502,5716.6001,5496.0498,5507.8501,5507.8501,248100,yahoo
NIFTY50,2013-08-19,5497.5498,5499.6499,5360.6499,5414.75,5414.75,219700,yahoo
NIFTY50,2013-08-20,5353.4502,5417.7998,5306.3501,5401.4502,5401.4502,261100,yahoo
NIFTY50,2013-08-21,5494.4502,5504.1001,5268.4502,5302.5498,5302.5498,255000,yahoo
NIFTY50,2013-08-22,5282.7998,5418.9502,5254.0498,5408.4502,5408.4502,284500,yahoo
NIFTY50,2013-08-23,5428.75,5478.7998,5377.7998,5471.75,5471.75,251500,yahoo
NIFTY50,2013-08-26,5499.3999,5528.7002,5454.4502,5476.5,5476.5,242000,yahoo
NIFTY50,2013-08-27,5426.5,5427.3999,5274.25,5287.4502,5287.4502,306000,yahoo
NIFTY50,2013-08-28,5233.4502,5317.7002,5118.8501,5285,5285,336000,yahoo
NIFTY50,2013-08-29,5316.5,5428.8999,5303,5409.0498,5409.0498,326500,yahoo
NIFTY50,2013-08-30,5407.4502,5493.2998,5360.2002,5471.7998,5471.7998,336400,yahoo
NIFTY50,2013-09-02,5480.25,5564.8999,5478.8501,5550.75,5550.75,214200,yahoo
NIFTY50,2013-09-03,5574.7002,5580.9502,5323.75,5341.4502,5341.4502,250300,yahoo
NIFTY50,2013-09-04,5358.6499,5460.25,5318.8999,5448.1001,5448.1001,237200,yahoo
NIFTY50,2013-09-05,5553.75,5625.75,5552.7002,5592.9502,5592.9502,274900,yahoo
NIFTY50,2013-09-06,5617.4502,5688.6001,5566.1499,5680.3999,5680.3999,253000,yahoo
NIFTY50,2013-09-10,5738.5,5904.8501,5738.2002,5896.75,5896.75,275200,yahoo
NIFTY50,2013-09-11,5887.25,5924.3501,5832.7002,5913.1499,5913.1499,265000,yahoo
NIFTY50,2013-09-12,5931.1499,5932,5815.7998,5850.7002,5850.7002,273000,yahoo
NIFTY50,2013-09-13,5828,5884.2998,5822.8999,5850.6001,5850.6001,190800,yahoo
NIFTY50,2013-09-16,5930.2998,5957.25,5798.1499,5840.5498,5840.5498,219500,yahoo
NIFTY50,2013-09-17,5824.2002,5857.7998,5804.8999,5850.2002,5850.2002,157900,yahoo
NIFTY50,2013-09-18,5872.75,5916.8999,5840.2002,5899.4502,5899.4502,153600,yahoo
NIFTY50,2013-09-19,6044.1499,6142.5,6040.1499,6115.5498,6115.5498,287200,yahoo
NIFTY50,2013-09-20,6104.5498,6130.9502,5932.8501,6012.1001,6012.1001,318600,yahoo
NIFTY50,2013-09-23,5945.7998,5989.3999,5871.3999,5889.75,5889.75,188300,yahoo
NIFTY50,2013-09-24,5855,5938.3999,5854.5498,5892.4502,5892.4502,187600,yahoo
NIFTY50,2013-09-25,5901.5498,5910.5498,5811.1001,5873.8501,5873.8501,200200,yahoo
NIFTY50,2013-09-26,5872.7998,5917.6499,5864.1001,5882.25,5882.25,220600,yahoo
NIFTY50,2013-09-27,5905.5498,5909.2002,5819.2998,5833.2002,5833.2002,163100,yahoo
NIFTY50,2013-09-30,5801.0498,5810.2002,5718.5,5735.2998,5735.2998,155700,yahoo
NIFTY50,2013-10-01,5756.1001,5786.4502,5700.9502,5780.0498,5780.0498,159200,yahoo
NIFTY50,2013-10-03,5819.1001,5917.6001,5802.7002,5909.7002,5909.7002,199800,yahoo
NIFTY50,2013-10-04,5891.2998,5950.4502,5885,5907.2998,5907.2998,191500,yahoo
NIFTY50,2013-10-07,5889.0498,5912,5825.8501,5906.1499,5906.1499,156400,yahoo
NIFTY50,2013-10-08,5975,5981.7002,5913,5928.3999,5928.3999,158500,yahoo
NIFTY50,2013-10-09,5893.25,6015.5,5877.1001,6007.4502,6007.4502,192000,yahoo
NIFTY50,2013-10-10,6001.0498,6033.9502,5979.7998,6020.9502,6020.9502,159600,yahoo
NIFTY50,2013-10-11,6104.8501,6107.6001,6046.3999,6096.2002,6096.2002,180800,yahoo
NIFTY50,2013-10-14,6093,6124.1001,6082.8999,6112.7002,6112.7002,142200,yahoo
NIFTY50,2013-10-15,6147.5498,6156.2998,6056.5498,6089.0498,6089.0498,218300,yahoo
NIFTY50,2013-10-17,6098.5,6110.75,6032.5498,6045.8501,6045.8501,230600,yahoo
NIFTY50,2013-10-18,6070.8999,6201.4502,6070.8999,6189.3501,6189.3501,250300,yahoo
NIFTY50,2013-10-21,6202,6218.9502,6163.2998,6204.9502,6204.9502,197000,yahoo
NIFTY50,2013-10-22,6192.2998,6220.1001,6181.7998,6202.7998,6202.7998,161900,yahoo
NIFTY50,2013-10-23,6209.5498,6217.9502,6116.6001,6178.3501,6178.3501,188300,yahoo
NIFTY50,2013-10-24,6162.7998,6252.4502,6142.9502,6164.3501,6164.3501,148900,yahoo
NIFTY50,2013-10-25,6154,6174.75,6125.9502,6144.8999,6144.8999,144500,yahoo
NIFTY50,2013-10-28,6155.1001,6168.75,6094.1001,6101.1001,6101.1001,146300,yahoo
NIFTY50,2013-10-29,6107.5498,6228.0498,6079.2002,6220.8999,6220.8999,197300,yahoo
NIFTY50,2013-10-30,6230.7998,6269.2002,6222.6001,6251.7002,6251.7002,177600,yahoo
NIFTY50,2013-10-31,6237.1499,6309.0498,6235.8999,6299.1499,6299.1499,239600,yahoo
NIFTY50,2013-11-01,6289.75,6332.6001,6286.9502,6307.2002,6307.2002,191600,yahoo
NIFTY50,2013-11-05,6282.1499,6304.75,6244.2998,6253.1499,6253.1499,181100,yahoo
NIFTY50,2013-11-06,6260.5498,6269.7002,6208.7002,6215.1499,6215.1499,157100,yahoo
NIFTY50,2013-11-07,6228.8999,6288.9502,6180.7998,6187.25,6187.25,168800,yahoo
NIFTY50,2013-11-08,6170.1499,6185.1499,6120.9502,6140.75,6140.75,150100,yahoo
NIFTY50,2013-11-11,6110.3999,6141.6499,6067.75,6078.7998,6078.7998,146100,yahoo
NIFTY50,2013-11-12,6087.25,6108.7002,6011.75,6018.0498,6018.0498,153800,yahoo
NIFTY50,2013-11-13,5998.8501,6042.25,5972.4502,5989.6001,5989.6001,162500,yahoo
NIFTY50,2013-11-14,6037,6101.6499,6036.6499,6056.1499,6056.1499,154900,yahoo
NIFTY50,2013-11-18,6111.0498,6196.7998,6110.3999,6189,6189,164000,yahoo
NIFTY50,2013-11-19,6197.25,6212.3999,6180.2002,6203.3501,6203.3501,161500,yahoo
NIFTY50,2013-11-20,6186.8501,6204.3501,6106.9502,6122.8999,6122.8999,155800,yahoo
NIFTY50,2013-11-21,6096.5,6097.3501,5985.3999,5999.0498,5999.0498,137200,yahoo
NIFTY50,2013-11-22,6027.3501,6049.6001,5972.7998,5995.4502,5995.4502,134800,yahoo
NIFTY50,2013-11-25,6035.9502,6123.5,6035.9502,6115.3501,6115.3501,127200,yahoo
NIFTY50,2013-11-26,6099.25,6112.7002,6047.75,6059.1001,6059.1001,150700,yahoo
NIFTY50,2013-11-27,6062.7002,6074,6030.2998,6057.1001,6057.1001,124900,yahoo
NIFTY50,2013-11-28,6092,6112.9502,6068.2998,6091.8501,6091.8501,195300,yahoo
NIFTY50,2013-11-29,6103.8999,6182.5,6103.7998,6176.1001,6176.1001,190700,yahoo
NIFTY50,2013-12-02,6171.1499,6228.7002,6171.1499,6217.8501,6217.8501,145900,yahoo
NIFTY50,2013-12-03,6204.25,6225.3999,6191.3999,6201.8501,6201.8501,156900,yahoo
NIFTY50,2013-12-04,6187.9502,6209.1499,6149.8999,6160.9502,6160.9502,186200,yahoo
NIFTY50,2013-12-05,6262.4502,6300.5498,6232,6241.1001,6241.1001,186100,yahoo
NIFTY50,2013-12-06,6234.3999,6275.3501,6230.75,6259.8999,6259.8999,158500,yahoo
NIFTY50,2013-12-09,6415,6415.25,6345,6363.8999,6363.8999,198300,yahoo
NIFTY50,2013-12-10,6354.7002,6362.25,6307.5498,6332.8501,6332.8501,242400,yahoo
NIFTY50,2013-12-11,6307.2002,6326.6001,6280.25,6307.8999,6307.8999,148200,yahoo
NIFTY50,2013-12-12,6276.75,6286.8501,6230.5498,6237.0498,6237.0498,148500,yahoo
NIFTY50,2013-12-13,6201.2998,6208.6001,6161.3999,6168.3999,6168.3999,169700,yahoo
NIFTY50,2013-12-16,6168.3501,6183.25,6146.0498,6154.7002,6154.7002,146500,yahoo
NIFTY50,2013-12-17,6178.2002,6190.5498,6133,6139.0498,6139.0498,154200,yahoo
NIFTY50,2013-12-18,6129.9502,6236,6129.9502,6217.1499,6217.1499,243300,yahoo
NIFTY50,2013-12-19,6253.8999,6263.75,6150.7002,6166.6499,6166.6499,437000,yahoo
NIFTY50,2013-12-20,6179.9502,6284.5,6170.3501,6274.25,6274.25,172000,yahoo
NIFTY50,2013-12-23,6267.2002,6317.5,6266.9502,6284.5,6284.5,131200,yahoo
NIFTY50,2013-12-24,6296.4502,6301.5,6262,6268.3999,6268.3999,107600,yahoo
NIFTY50,2013-12-26,6270.1001,6302.75,6259.4502,6278.8999,6278.8999,182300,yahoo
NIFTY50,2013-12-27,6292.7998,6324.8999,6289.3999,6313.7998,6313.7998,96900,yahoo
NIFTY50,2013-12-30,6336.3999,6344.0498,6273.1499,6291.1001,6291.1001,101300,yahoo
NIFTY50,2013-12-31,6307.3501,6317.2998,6287.2998,6304,6304,103400,yahoo
NIFTYIT,2013-01-01,6055.5,6059.9502,6025.0498,6033.2998,6033.2998,6000,yahoo
NIFTYIT,2013-01-02,6049.8999,6063.8501,6018.2998,6031,6031,0,yahoo
NIFTYIT,2013-01-03,6045.3501,6111.3501,6034.9502,6097.6001,6097.6001,0,yahoo
NIFTYIT,2013-01-04,6118.5,6159.7998,6108,6153.2002,6153.2002,0,yahoo
NIFTYIT,2013-01-07,6159.3501,6190.5498,6141.2002,6175.4502,6175.4502,0,yahoo
NIFTYIT,2013-01-08,6160.75,6173.75,6115.1499,6147.8999,6147.8999,0,yahoo
NIFTYIT,2013-01-09,6143.9502,6177.2998,6091.2002,6101.0498,6101.0498,0,yahoo
NIFTYIT,2013-01-10,6109.1499,6131.1499,6057.4502,6073.1001,6073.1001,0,yahoo
NIFTYIT,2013-01-11,6370.3999,6654.6499,6370.3999,6639.8501,6639.8501,0,yahoo
NIFTYIT,2013-01-14,6719.75,6846.1499,6716.8501,6809.5,6809.5,0,yahoo
NIFTYIT,2013-01-15,6884.3501,6898.7002,6780.3999,6791.5,6791.5,0,yahoo
NIFTYIT,2013-01-16,6785.2002,6792.2998,6738.6499,6777.9502,6777.9502,0,yahoo
NIFTYIT,2013-01-17,6833.0498,6896.0498,6822.7002,6869.4502,6869.4502,0,yahoo
NIFTYIT,2013-01-18,6885.8999,6890.1001,6786.9502,6798.7002,6798.7002,0,yahoo
NIFTYIT,2013-01-21,6772.0498,6823.3999,6756.3999,6789.3999,6789.3999,0,yahoo
NIFTYIT,2013-01-22,6782.4502,6788.7002,6731,6739.6499,6739.6499,0,yahoo
NIFTYIT,2013-01-23,6734,6767.8501,6707.2998,6725.7998,6725.7998,0,yahoo
NIFTYIT,2013-01-24,6742,6799.2002,6732.7002,6742.3999,6742.3999,0,yahoo
NIFTYIT,2013-01-25,6752.6499,6817.8501,6736.8501,6800.75,6800.75,0,yahoo
NIFTYIT,2013-01-28,6796.2998,6848.5,6785.3999,6822.7002,6822.7002,0,yahoo
NIFTYIT,2013-01-29,6808.0498,6849.4502,6783.1499,6792.2998,6792.2998,0,yahoo
NIFTYIT,2013-01-30,6794.9502,6806.3501,6776.8999,6787.8501,6787.8501,0,yahoo
NIFTYIT,2013-01-31,6789.7998,6807.75,6733,6778,6778,0,yahoo
NIFTYIT,2013-02-01,6779,6802.8999,6732.0498,6752.6499,6752.6499,0,yahoo
NIFTYIT,2013-02-04,6766.6499,6794.5,6728.7998,6750.25,6750.25,0,yahoo
NIFTYIT,2013-02-05,6724.3999,6771,6720.0498,6728.7002,6728.7002,0,yahoo
NIFTYIT,2013-02-06,6760.6001,6775.8999,6738.25,6766.7998,6766.7998,0,yahoo
NIFTYIT,2013-02-07,6762.2998,6813.1499,6762.2998,6799,6799,0,yahoo
NIFTYIT,2013-02-08,6793.75,6909.5498,6793.75,6852.7002,6852.7002,0,yahoo
NIFTYIT,2013-02-11,6872.8999,6890.75,6826.2998,6832.0498,6832.0498,0,yahoo
NIFTYIT,2013-02-12,6799.8999,6809.25,6766.75,6791.8999,6791.8999,0,yahoo
NIFTYIT,2013-02-13,6796.4502,6897.75,6779.6499,6884.1499,6884.1499,0,yahoo
NIFTYIT,2013-02-14,6878.25,6939.75,6878.25,6900.3501,6900.3501,0,yahoo
NIFTYIT,2013-02-15,6866.7002,6876.3501,6826.5,6864.1499,6864.1499,0,yahoo
NIFTYIT,2013-02-18,6853.3501,6858.8501,6808,6834.7002,6834.7002,0,yahoo
NIFTYIT,2013-02-19,6832,6944,6813.5498,6936.25,6936.25,0,yahoo
NIFTYIT,2013-02-20,6937.3999,6977.7002,6937.3999,6972.0498,6972.0498,0,yahoo
NIFTYIT,2013-02-21,6929.5,6985.2998,6924.7998,6939.8501,6939.8501,0,yahoo
NIFTYIT,2013-02-22,6924.4502,7018.5498,6924.4502,6992.8501,6992.8501,0,yahoo
NIFTYIT,2013-02-25,7026.2002,7126.9502,7026.2002,7095.2002,7095.2002,0,yahoo
NIFTYIT,2013-02-26,7082.8501,7172.0498,7082.8501,7156.75,7156.75,0,yahoo
NIFTYIT,2013-02-27,7144.8501,7155.8999,7064.2998,7072.5,7072.5,0,yahoo
NIFTYIT,2013-02-28,7084.7998,7160.75,7069.6499,7106.6499,7106.6499,0,yahoo
NIFTYIT,2013-03-01,7116.2998,7171.9502,7090.9502,7117.7002,7117.7002,0,yahoo
NIFTYIT,2013-03-04,7112.5,7163.7002,7062.6001,7101.6499,7101.6499,0,yahoo
NIFTYIT,2013-03-05,7131.7998,7205.7998,7117.6001,7200.2002,7200.2002,0,yahoo
NIFTYIT,2013-03-06,7227.7002,7314.8999,7226.75,7305.8999,7305.8999,0,yahoo
NIFTYIT,2013-03-07,7319.8999,7420.4502,7319.8999,7410.25,7410.25,0,yahoo
NIFTYIT,2013-03-08,7391.5498,7402.5498,7344.1499,7357,7357,0,yahoo
NIFTYIT,2013-03-11,7355.75,7380.1001,7290.25,7304.6001,7304.6001,0,yahoo
NIFTYIT,2013-03-12,7286.6499,7295.5498,7232.25,7253.2002,7253.2002,0,yahoo
NIFTYIT,2013-03-13,7211.25,7211.25,7159.3501,7170.3999,7170.3999,0,yahoo
NIFTYIT,2013-03-14,7180.9502,7242,7131.9502,7212.3999,7212.3999,0,yahoo
NIFTYIT,2013-03-15,7221.8501,7277.2002,7212.2998,7224.3501,7224.3501,0,yahoo
NIFTYIT,2013-03-18,7190.8501,7227.4502,7166.8501,7198.6499,7198.6499,0,yahoo
NIFTYIT,2013-03-19,7213.25,7229.2002,7140,7152.5498,7152.5498,0,yahoo
NIFTYIT,2013-03-20,7153.8501,7179.75,7115.6499,7158.25,7158.25,0,yahoo
NIFTYIT,2013-03-21,7186.3501,7220.0498,7157.1001,7168.0498,7168.0498,0,yahoo
NIFTYIT,2013-03-22,7140.4502,7149.7002,7085.1499,7119.7998,7119.7998,0,yahoo
NIFTYIT,2013-03-25,7113.0498,7131.8999,7072.75,7105.9502,7105.9502,12100,yahoo
NIFTYIT,2013-03-26,7094.5498,7163,7072.1001,7137.0498,7137.0498,8900,yahoo
NIFTYIT,2013-03-28,7153.6001,7232.1001,7147.25,7219.0498,7219.0498,18300,yahoo
NIFTYIT,2013-04-01,7230.6499,7298.9502,7230.6499,7264.3501,7264.3501,12500,yahoo
NIFTYIT,2013-04-02,7249.3501,7337.4502,7232.1001,7325.25,7325.25,10400,yahoo
NIFTYIT,2013-04-03,7305.6001,7354.2998,7248.3999,7271.8999,7271.8999,10300,yahoo
NIFTYIT,2013-04-04,7232.6499,7232.6499,7060.6499,7072.7002,7072.7002,10800,yahoo
NIFTYIT,2013-04-05,7066.8501,7098.6499,7018.4502,7047.3501,7047.3501,7400,yahoo
NIFTYIT,2013-04-08,7027.8999,7057,6968.3501,6977.1001,6977.1001,7100,yahoo
NIFTYIT,2013-04-09,6984.8501,7023.8999,6892.25,6905.7002,6905.7002,10200,yahoo
NIFTYIT,2013-04-10,6977.7998,7058.25,6939.6499,7042.9502,7042.9502,9100,yahoo
NIFTYIT,2013-04-11,7125.7998,7221.7002,7066.2998,7200.3501,7200.3501,12600,yahoo
NIFTYIT,2013-04-12,6726.3999,6726.3999,6321.6499,6354.8999,6354.8999,23200,yahoo
NIFTYIT,2013-04-15,6348.6499,6370.7998,6177.4502,6342.7002,6342.7002,17000,yahoo
NIFTYIT,2013-04-16,6305.0498,6327.3999,6266.1499,6301.1001,6301.1001,8000,yahoo
NIFTYIT,2013-04-17,6352.2998,6370.9502,6190.1001,6235.8501,6235.8501,15200,yahoo
NIFTYIT,2013-04-18,6282.5,6294.1001,6199.25,6232.6001,6232.6001,11400,yahoo
NIFTYIT,2013-04-22,6217.1499,6233.2998,6106.8999,6118.25,6118.25,13000,yahoo
NIFTYIT,2013-04-23,6127.2002,6181.1001,6127.2002,6156.8999,6156.8999,10300,yahoo
NIFTYIT,2013-04-25,6141,6141,6053.75,6059.7998,6059.7998,15800,yahoo
NIFTYIT,2013-04-26,6036.75,6046.25,5964.4502,5972.7002,5972.7002,11400,yahoo
NIFTYIT,2013-04-29,5959.4502,6052.25,5936.3999,6015.4502,6015.4502,13900,yahoo
NIFTYIT,2013-04-30,6017.75,6055.5,6001.7002,6047.7002,6047.7002,11000,yahoo
NIFTYIT,2013-05-02,6035.3999,6211.6001,6035.3999,6205.8999,6205.8999,12900,yahoo
NIFTYIT,2013-05-03,6211.7998,6267.4502,6208.2998,6224.7002,6224.7002,9400,yahoo
NIFTYIT,2013-05-06,6238.8501,6351.1499,6238.8501,6343.25,6343.25,10500,yahoo
NIFTYIT,2013-05-07,6356.3501,6379.8999,6313.8501,6372.75,6372.75,9300,yahoo
NIFTYIT,2013-05-08,6393.7998,6412.8501,6365.7998,6380.1499,6380.1499,10500,yahoo
NIFTYIT,2013-05-09,6389.1499,6449.5,6389.1499,6426.4502,6426.4502,8900,yahoo
NIFTYIT,2013-05-10,6429.8501,6476.5498,6416.6001,6439.8501,6439.8501,5800,yahoo
NIFTYIT,2013-05-13,6398.5498,6407.4502,6309.75,6316,6316,6200,yahoo
NIFTYIT,2013-05-14,6322.1001,6371.4502,6298.3999,6328.0498,6328.0498,6400,yahoo
NIFTYIT,2013-05-15,6332.4502,6375.9502,6316.5498,6359.7002,6359.7002,8400,yahoo
NIFTYIT,2013-05-16,6347.5498,6347.5498,6264.8501,6292.1499,6292.1499,8300,yahoo
NIFTYIT,2013-05-17,6299,6372.7002,6299,6331.0498,6331.0498,9900,yahoo
NIFTYIT,2013-05-20,6323.8999,6382.1001,6323.8999,6358.75,6358.75,6700,yahoo
NIFTYIT,2013-05-21,6348.25,6458.7002,6348.25,6421,6421,7500,yahoo
NIFTYIT,2013-05-22,6440.5,6500.3999,6411.5,6420.2002,6420.2002,8700,yahoo
NIFTYIT,2013-05-23,6411.5498,6497.8999,6372.2998,6378.4502,6378.4502,7400,yahoo
NIFTYIT,2013-05-24,6396.75,6431.9502,6314.1499,6330.7998,6330.7998,6000,yahoo
NIFTYIT,2013-05-27,6322.5498,6427.2998,6298.6499,6410.9502,6410.9502,7500,yahoo
NIFTYIT,2013-05-28,6409.75,6441.6001,6385.7002,6431.6001,6431.6001,5200,yahoo
NIFTYIT,2013-05-29,6441.8501,6492.7998,6355.6499,6396.25,6396.25,6000,yahoo
NIFTYIT,2013-05-30,6371.5,6419.9502,6344.5,6390.3999,6390.3999,12200,yahoo
NIFTYIT,2013-05-31,6381.9502,6483.8999,6381.4502,6472.0498,6472.0498,9500,yahoo
NIFTYIT,2013-06-03,6627.9502,6758.7998,6511.0498,6551.6499,6551.6499,10200,yahoo
NIFTYIT,2013-06-04,6511.5498,6554.8999,6469.9502,6516.6499,6516.6499,9700,yahoo
NIFTYIT,2013-06-05,6490.7998,6508.2002,6465.3999,6474,6474,8100,yahoo
NIFTYIT,2013-06-06,6433.8501,6484.5498,6417.9502,6451.5498,6451.5498,7300,yahoo
NIFTYIT,2013-06-07,6440.8999,6588.1499,6440.8999,6540.0498,6540.0498,18500,yahoo
NIFTYIT,2013-06-10,6571.2002,6633.1001,6568.1499,6604.7002,6604.7002,13200,yahoo
NIFTYIT,2013-06-11,6615.7002,6661.7002,6523.9502,6550.9502,6550.9502,10700,yahoo
NIFTYIT,2013-06-12,6521.8501,6562.9502,6424.4502,6438.6001,6438.6001,8900,yahoo
NIFTYIT,2013-06-13,6427.6001,6427.6001,6316.3501,6334.6001,6334.6001,7400,yahoo
NIFTYIT,2013-06-14,6359.1001,6395.8501,6323.5,6370.3999,6370.3999,6900,yahoo
NIFTYIT,2013-06-17,6394.25,6438.0498,6358.5498,6423.2002,6423.2002,8900,yahoo
NIFTYIT,2013-06-18,6436.25,6471.3501,6418.8501,6451.9502,6451.9502,8400,yahoo
NIFTYIT,2013-06-19,6468.8501,6468.8501,6387.5498,6435.1001,6435.1001,7600,yahoo
NIFTYIT,2013-06-20,6408.7002,6433.1001,6259.5,6290.1499,6290.1499,10100,yahoo
NIFTYIT,2013-06-21,6296.6499,6398.7002,6296.6499,6381.8501,6381.8501,11700,yahoo
NIFTYIT,2013-06-24,6353.3501,6376.75,6284.1001,6309.4502,6309.4502,9000,yahoo
NIFTYIT,2013-06-25,6309.1001,6335.3999,6246.3999,6268.8501,6268.8501,10100,yahoo
NIFTYIT,2013-06-26,6298.5498,6400.5,6277.0498,6378.3501,6378.3501,8200,yahoo
NIFTYIT,2013-06-27,6428.75,6607.1499,6424.25,6587.1499,6587.1499,13500,yahoo
NIFTYIT,2013-06-28,6586.7002,6648.6001,6489.1499,6634.1499,6634.1499,12400,yahoo
NIFTYIT,2013-07-01,6589.2998,6589.2998,6515.2998,6526.4502,6526.4502,7100,yahoo
NIFTYIT,2013-07-02,6527.5,6564.7002,6463.25,6474.25,6474.25,7800,yahoo
NIFTYIT,2013-07-03,6464.7998,6547,6404.6499,6451.2998,6451.2998,9600,yahoo
NIFTYIT,2013-07-04,6490.2002,6640.7002,6487.3999,6633.2002,6633.2002,10700,yahoo
NIFTYIT,2013-07-05,6646.75,6674.3501,6591.3501,6604.7002,6604.7002,7600,yahoo
NIFTYIT,2013-07-08,6640.25,6653.3501,6594.8999,6607.9502,6607.9502,8100,yahoo
NIFTYIT,2013-07-09,6609,6681.75,6609,6653.8999,6653.8999,7500,yahoo
NIFTYIT,2013-07-10,6672.6001,6710.3999,6658.8999,6690.9502,6690.9502,9600,yahoo
NIFTYIT,2013-07-11,6748.75,6823.5,6748.75,6799.5,6799.5,10000,yahoo
NIFTYIT,2013-07-12,7173.4502,7361,7157.25,7249.3999,7249.3999,18700,yahoo
NIFTYIT,2013-07-15,7216.7998,7261.3501,7164,7225.3999,7225.3999,12400,yahoo
NIFTYIT,2013-07-16,7132.7002,7278.2998,7122.3501,7208.7998,7208.7998,8900,yahoo
NIFTYIT,2013-07-17,7203.6001,7300,7203.6001,7272,7272,9800,yahoo
NIFTYIT,2013-07-18,7286.7002,7362.2002,7245.6499,7306.3501,7306.3501,10800,yahoo
NIFTYIT,2013-07-19,7400.3501,7545.1001,7400.3501,7503.7002,7503.7002,23300,yahoo
NIFTYIT,2013-07-22,7472.1499,7590.2998,7468.25,7556.5498,7556.5498,10200,yahoo
NIFTYIT,2013-07-23,7579.1001,7650.6001,7579.1001,7604,7604,12500,yahoo
NIFTYIT,2013-07-24,7569.0498,7687.25,7569.0498,7669.25,7669.25,14400,yahoo
NIFTYIT,2013-07-25,7660.7002,7720.6001,7629.8501,7678.1499,7678.1499,16400,yahoo
NIFTYIT,2013-07-26,7699,7747.0498,7650.1001,7663,7663,10500,yahoo
NIFTYIT,2013-07-29,7638.7998,7708.9502,7633.8999,7673.2998,7673.2998,9100,yahoo
NIFTYIT,2013-07-30,7694.5498,7762.2002,7689.75,7718.8501,7718.8501,9900,yahoo
NIFTYIT,2013-07-31,7738.25,7808.5,7708.6499,7787.3501,7787.3501,15200,yahoo
NIFTYIT,2013-08-01,7811.4502,7822.6001,7727.9502,7777.1001,7777.1001,36200,yahoo
NIFTYIT,2013-08-02,7793.9502,7895.5,7793.9502,7858.3501,7858.3501,32400,yahoo
NIFTYIT,2013-08-05,7838.6499,7951.5498,7838.6499,7916.5,7916.5,32200,yahoo
NIFTYIT,2013-08-06,7920.9502,7933.6001,7839.3501,7877.1499,7877.1499,22100,yahoo
NIFTYIT,2013-08-07,7876.3501,7934.75,7738.1499,7767.75,7767.75,21500,yahoo
NIFTYIT,2013-08-08,7710.3999,7816.3999,7687,7801.4502,7801.4502,14600,yahoo
NIFTYIT,2013-08-12,7820.1001,7874.9502,7781.9502,7841.4502,7841.4502,14100,yahoo
NIFTYIT,2013-08-13,7860.1001,7989.25,7860.1001,7976.25,7976.25,12500,yahoo
NIFTYIT,2013-08-14,7971.8999,8032.25,7874.1001,7956.1001,7956.1001,21400,yahoo
NIFTYIT,2013-08-16,7879.4502,7910.3999,7724.9502,7774.2002,7774.2002,24900,yahoo
NIFTYIT,2013-08-19,7811.8501,7870.3999,7708.75,7793.2002,7793.2002,17400,yahoo
NIFTYIT,2013-08-20,7828.2002,7828.2002,7677.8501,7693.5,7693.5,18200,yahoo
NIFTYIT,2013-08-21,7679.2002,7679.2002,7549.1001,7594.0498,7594.0498,18200,yahoo
NIFTYIT,2013-08-22,7614.8501,7796.1001,7563.25,7777.5,7777.5,14100,yahoo
NIFTYIT,2013-08-23,7786.3501,7902.5,7761.3501,7893.2002,7893.2002,16600,yahoo
NIFTYIT,2013-08-26,7908.6001,8047.3999,7893.8501,7958.6499,7958.6499,21800,yahoo
NIFTYIT,2013-08-27,7952.5498,8073.8999,7952.5498,7975.7998,7975.7998,13700,yahoo
NIFTYIT,2013-08-28,7948.6499,8222.6504,7948.6499,8175.2998,8175.2998,14800,yahoo
NIFTYIT,2013-08-29,8110.0498,8286.9004,8083.8999,8246.9004,8246.9004,19600,yahoo
NIFTYIT,2013-08-30,8225.6504,8406.6504,8196,8382.4004,8382.4004,34100,yahoo
NIFTYIT,2013-09-02,8325.8496,8423.7998,8325.8496,8396.9004,8396.9004,0,yahoo
NIFTYIT,2013-09-03,8380.6504,8410.9502,8226.25,8259.4004,8259.4004,15700,yahoo
NIFTYIT,2013-09-04,8293,8499.5498,8293,8454.0996,8454.0996,0,yahoo
NIFTYIT,2013-09-05,8437.9502,8437.9502,8185.3999,8203.4004,8203.4004,21300,yahoo
NIFTYIT,2013-09-06,8224.6504,8310.7998,8172,8216.5,8216.5,18400,yahoo
NIFTYIT,2013-09-10,8211.9004,8443.75,8211.9004,8411.0498,8411.0498,18100,yahoo
NIFTYIT,2013-09-11,8421.2998,8465.0996,8360.9004,8373.25,8373.25,27400,yahoo
NIFTYIT,2013-09-12,8367.0498,8381.4502,8222.4004,8270.1504,8270.1504,29200,yahoo
NIFTYIT,2013-09-13,8257.8496,8290,8152.8999,8172.6499,8172.6499,25900,yahoo
NIFTYIT,2013-09-16,8172.2998,8212.5996,8005.1001,8017.2002,8017.2002,18100,yahoo
NIFTYIT,2013-09-17,8048.1001,8166.6001,8030.3501,8154.25,8154.25,16700,yahoo
NIFTYIT,2013-09-18,8160.3999,8183.1001,8119.5498,8159.1001,8159.1001,18500,yahoo
NIFTYIT,2013-09-19,8130.6001,8218,8093.7998,8156.9502,8156.9502,13300,yahoo
NIFTYIT,2013-09-20,8119.25,8225.7998,8119.25,8132.7998,8132.7998,16900,yahoo
NIFTYIT,2013-09-23,8137.9502,8256.9004,8133.3999,8200.7002,8200.7002,11400,yahoo
NIFTYIT,2013-09-24,8217.6504,8250.8496,8132.6499,8169.1001,8169.1001,15700,yahoo
NIFTYIT,2013-09-25,8192.9502,8218,8116.4502,8187.5498,8187.5498,22200,yahoo
NIFTYIT,2013-09-26,8212.0996,8225.3496,8139.8999,8157.7998,8157.7998,20200,yahoo
NIFTYIT,2013-09-27,8176.3999,8249,8147.75,8166.5498,8166.5498,12900,yahoo
NIFTYIT,2013-09-30,8196.4004,8263.8496,8136.8501,8167.7998,8167.7998,19100,yahoo
NIFTYIT,2013-10-01,8195.0498,8208.5,8133.3999,8181.6499,8181.6499,8600,yahoo
NIFTYIT,2013-10-03,8244.7002,8374.2002,8234.1504,8360.8496,8360.8496,22100,yahoo
NIFTYIT,2013-10-04,8353.2998,8429.9004,8329.4502,8352.3496,8352.3496,13800,yahoo
NIFTYIT,2013-10-07,8359.1504,8487.9502,8359.1504,8461.5498,8461.5498,13000,yahoo
NIFTYIT,2013-10-08,8483.2998,8500.75,8424.0996,8435,8435,15300,yahoo
NIFTYIT,2013-10-09,8408.5,8584.5996,8385.5498,8564.4502,8564.4502,14400,yahoo
NIFTYIT,2013-10-10,8585.75,8643.4502,8549.1504,8603.7998,8603.7998,15700,yahoo
NIFTYIT,2013-10-11,8899.6504,8932.5498,8690.4004,8870.1504,8870.1504,21500,yahoo
NIFTYIT,2013-10-14,8868.8496,9078.25,8868.8496,9061.75,9061.75,16900,yahoo
NIFTYIT,2013-10-15,9109.75,9167,9064.4502,9120.2998,9120.2998,16700,yahoo
NIFTYIT,2013-10-17,9111.8496,9111.8496,8775.0996,8797.8496,8797.8496,19200,yahoo
NIFTYIT,2013-10-18,8821.2998,8907.5,8733,8893.8496,8893.8496,14600,yahoo
NIFTYIT,2013-10-21,8928.4502,8928.4502,8712.7002,8854.9004,8854.9004,15300,yahoo
NIFTYIT,2013-10-22,8901.3496,8951.8496,8891.2002,8915.1504,8915.1504,15300,yahoo
NIFTYIT,2013-10-23,8891.2998,8891.2998,8739.9004,8829.5498,8829.5498,15800,yahoo
NIFTYIT,2013-10-24,8774.1504,8921,8653.8496,8681.6504,8681.6504,9500,yahoo
NIFTYIT,2013-10-25,8670.4004,8823.0996,8647.9502,8812.5498,8812.5498,15300,yahoo
NIFTYIT,2013-10-28,8796.5498,8851.8496,8760.7998,8783.2002,8783.2002,9224500,yahoo
NIFTYIT,2013-10-29,8784.8496,8844.2002,8771.4004,8822.0996,8822.0996,11500,yahoo
NIFTYIT,2013-10-30,8803.25,8853.2998,8784.9004,8835.1504,8835.1504,17900,yahoo
NIFTYIT,2013-10-31,8814.2002,8881.2998,8814.2002,8852.7998,8852.7998,15300,yahoo
NIFTYIT,2013-11-01,8840.5996,8909,8787.7002,8799.5498,8799.5498,9200,yahoo
NIFTYIT,2013-11-05,8780.5996,8791.0996,8705.9502,8724.0996,8724.0996,11300,yahoo
NIFTYIT,2013-11-06,8766.9004,8865.5,8766.9004,8843.0498,8843.0498,10600,yahoo
NIFTYIT,2013-11-07,8882.8496,9058.0498,8875.0498,8956.5498,8956.5498,14300,yahoo
NIFTYIT,2013-11-08,8969.7002,9045.5498,8933.9004,8956.9004,8956.9004,12200,yahoo
NIFTYIT,2013-11-11,8943.0996,9095.75,8915,8962.8496,8962.8496,11700,yahoo
NIFTYIT,2013-11-12,8971.6504,9019.2998,8899.0498,8914.4004,8914.4004,14100,yahoo
NIFTYIT,2013-11-13,8897.5,8954.25,8845.3496,8859.1504,8859.1504,9300,yahoo
NIFTYIT,2013-11-14,8912.9004,8940.5498,8855.5498,8862,8862,8800,yahoo
NIFTYIT,2013-11-18,8919.4004,9010.5996,8919.4004,8978.3496,8978.3496,15300,yahoo
NIFTYIT,2013-11-19,8993.4004,9019.4004,8964.7002,9003.9004,9003.9004,16900,yahoo
NIFTYIT,2013-11-20,8987.2002,9023.6504,8902.6504,8915.3496,8915.3496,10600,yahoo
NIFTYIT,2013-11-21,8912.5498,8925.8496,8745.2998,8767.0996,8767.0996,10800,yahoo
NIFTYIT,2013-11-22,8784.5,8848.5,8755.2002,8785.4502,8785.4502,8400,yahoo
NIFTYIT,2013-11-25,8793.4502,8875.3496,8738.75,8783.7998,8783.7998,8100,yahoo
NIFTYIT,2013-11-26,8755.0498,8795.6504,8712.8496,8758.2998,8758.2998,22000,yahoo
NIFTYIT,2013-11-27,8775.7998,8791.9502,8680.9502,8702.4004,8702.4004,10200,yahoo
NIFTYIT,2013-11-28,8729.25,8767,8679.0996,8748.3496,8748.3496,13400,yahoo
NIFTYIT,2013-11-29,8769.25,8839.75,8744,8820.75,8820.75,13800,yahoo
NIFTYIT,2013-12-02,8804.9004,8881.9502,8804.9004,8854,8854,9000,yahoo
NIFTYIT,2013-12-03,8837.0498,8906.9502,8837.0498,8867.7998,8867.7998,8900,yahoo
NIFTYIT,2013-12-04,8868.25,8950.7002,8864.4502,8876.5996,8876.5996,10600,yahoo
NIFTYIT,2013-12-05,8932.9502,8970.9502,8817.0498,8834.5498,8834.5498,8300,yahoo
NIFTYIT,2013-12-06,8813.7998,8856.4502,8810.0996,8827.7998,8827.7998,7400,yahoo
NIFTYIT,2013-12-09,8926.25,8930.4502,8837.5498,8877.0996,8877.0996,8800,yahoo
NIFTYIT,2013-12-10,8867,9070.2998,8867,9045.9004,9045.9004,15300,yahoo
NIFTYIT,2013-12-11,9031.4004,9045.4502,8982.9004,9028.2002,9028.2002,10800,yahoo
NIFTYIT,2013-12-12,8991.4502,9006.0996,8950.8496,8964.9502,8964.9502,8200,yahoo
NIFTYIT,2013-12-13,8948.25,9025.9004,8938.6504,8957.5996,8957.5996,9900,yahoo
NIFTYIT,2013-12-16,8975.2002,9134.1504,8961.8496,9110.25,9110.25,11000,yahoo
NIFTYIT,2013-12-17,9126.0996,9197.3496,9109.0498,9119.3496,9119.3496,13700,yahoo
NIFTYIT,2013-12-18,9110.7998,9178.1504,9110.2998,9167.9004,9167.9004,9500,yahoo
NIFTYIT,2013-12-19,9207.0498,9401.2998,9192.2002,9329,9329,12400,yahoo
NIFTYIT,2013-12-20,9368.4004,9521.6504,9368.4004,9488.25,9488.25,22400,yahoo
NIFTYIT,2013-12-23,9448.8496,9531.9502,9372.2998,9385.4502,9385.4502,9600,yahoo
NIFTYIT,2013-12-24,9418.3496,9455.25,9372.7998,9391.5,9391.5,8100,yahoo
NIFTYIT,2013-12-26,9405.2002,9451.4004,9391,9430.0996,9430.0996,9800,yahoo
NIFTYIT,2013-12-27,9460.1504,9598.0996,9460.1504,9579.0996,9579.0996,13000,yahoo
NIFTYIT,2013-12-30,9609.6504,9632.1504,9451.2998,9499.5996,9499.5996,10500,yahoo
NIFTYIT,2013-12-31,9514.5498,9546.7002,9467.5,9517.8496,9517.8496,7700,yahoo
NIFTYPHARMA,2013-01-01,6049.8999,6077.3501,6044.2002,6056.6001,6056.6001,2389000,yahoo
NIFTYPHARMA,2013-01-02,6071,6099.9502,6064.2002,6070.25,6070.25,4714000,yahoo
NIFTYPHARMA,2013-01-03,6099,6099,6063,6075.7998,6075.7998,4156000,yahoo
NIFTYPHARMA,2013-01-04,6085.8501,6090.0498,6047.6499,6080.3999,6080.3999,4753000,yahoo
NIFTYPHARMA,2013-01-07,6110.75,6130.7998,6093,6104.4502,6104.4502,5860000,yahoo
NIFTYPHARMA,2013-01-08,6109,6172.7998,6109,6156.5498,6156.5498,7406000,yahoo
NIFTYPHARMA,2013-01-09,6165.0498,6205.8999,6151.1499,6169.25,6169.25,6370000,yahoo
NIFTYPHARMA,2013-01-10,6189.2002,6191.7998,6098.0498,6117.1001,6117.1001,4798000,yahoo
NIFTYPHARMA,2013-01-11,6129.6499,6130.75,6046.2998,6056.1001,6056.1001,3906000,yahoo
NIFTYPHARMA,2013-01-14,6060.5498,6060.6499,6016.8501,6031.3501,6031.3501,5729000,yahoo
NIFTYPHARMA,2013-01-15,6033.1001,6044.7002,6012.75,6032.2002,6032.2002,4458000,yahoo
NIFTYPHARMA,2013-01-16,6027.1499,6093.2998,6012.7998,6018.2002,6018.2002,4593000,yahoo
NIFTYPHARMA,2013-01-17,6021.75,6037.75,5985.75,6001.8999,6001.8999,4830000,yahoo
NIFTYPHARMA,2013-01-18,6011.0498,6024.9502,5942.5,5960.75,5960.75,4727000,yahoo
NIFTYPHARMA,2013-01-21,5960.4502,5973.3501,5928.5,5940.8999,5940.8999,4710000,yahoo
NIFTYPHARMA,2013-01-22,5946.3501,5973.5498,5920.2998,5926.25,5926.25,5481000,yahoo
NIFTYPHARMA,2013-01-23,5938.2002,5952.2998,5902.5,5910.7998,5910.7998,4683000,yahoo
NIFTYPHARMA,2013-01-24,5905.7002,5913,5847.7998,5857.6499,5857.6499,5667000,yahoo
NIFTYPHARMA,2013-01-25,5866.4502,5961.4502,5846.2998,5949.4502,5949.4502,10523000,yahoo
NIFTYPHARMA,2013-01-28,5958.8999,5973.25,5926.7998,5936.3999,5936.3999,3433000,yahoo
NIFTYPHARMA,2013-01-29,5926.3501,5982.5,5902.25,5914.9502,5914.9502,4821000,yahoo
NIFTYPHARMA,2013-01-30,5929.0498,5948.2998,5905.6499,5929.2998,5929.2998,7496000,yahoo
NIFTYPHARMA,2013-01-31,5921.6001,5965.1499,5917.0498,5935.25,5935.25,9017000,yahoo
NIFTYPHARMA,2013-02-01,5944.4502,6003.6499,5944.4502,5989.6499,5989.6499,6602000,yahoo
NIFTYPHARMA,2013-02-04,5996.25,6005.7998,5895.25,5907.5,5907.5,6808000,yahoo
NIFTYPHARMA,2013-02-05,5930.6001,5970.75,5907.8501,5963.75,5963.75,6832000,yahoo
NIFTYPHARMA,2013-02-06,5983.7998,6000.6001,5942.1001,5951.9502,5951.9502,7567000,yahoo
NIFTYPHARMA,2013-02-07,5924.2002,5955.75,5896.75,5909.6499,5909.6499,9812000,yahoo
NIFTYPHARMA,2013-02-08,5902.5,5920.5,5816.1499,5837.3501,5837.3501,8882000,yahoo
NIFTYPHARMA,2013-02-11,5861.6001,5897.6499,5836.25,5886.5498,5886.5498,5702000,yahoo
NIFTYPHARMA,2013-02-12,5902,5964.25,5893.3999,5957.75,5957.75,4267000,yahoo
NIFTYPHARMA,2013-02-13,5962.1499,5989,5941.5498,5948.25,5948.25,4884000,yahoo
NIFTYPHARMA,2013-02-14,5944.4502,5953.75,5881.1001,5893.7998,5893.7998,5678000,yahoo
NIFTYPHARMA,2013-02-15,5873.5,5885.6001,5835.2998,5865.3501,5865.3501,5310000,yahoo
NIFTYPHARMA,2013-02-18,5864.5,5902.6499,5857.2002,5864.7002,5864.7002,3785000,yahoo
NIFTYPHARMA,2013-02-19,5863.0498,5944.9502,5860.75,5938.25,5938.25,4079000,yahoo
NIFTYPHARMA,2013-02-20,5955.1499,5955.1499,5914.7002,5924.3999,5924.3999,4843000,yahoo
NIFTYPHARMA,2013-02-21,5914.1001,5923.5,5884.1001,5907.3501,5907.3501,4744000,yahoo
NIFTYPHARMA,2013-02-22,5898.25,5947.8501,5898.25,5944.1499,5944.1499,6878000,yahoo
NIFTYPHARMA,2013-02-25,5949.7998,5962.5,5914.6499,5954.5498,5954.5498,6611000,yahoo
NIFTYPHARMA,2013-02-26,5963.4502,5963.4502,5823.8501,5833.7998,5833.7998,5467000,yahoo
NIFTYPHARMA,2013-02-27,5836.6001,5852.5,5771.0498,5813.7998,5813.7998,6119000,yahoo
NIFTYPHARMA,2013-02-28,5837.8501,5862.2002,5755.1499,5778.2002,5778.2002,9807000,yahoo
NIFTYPHARMA,2013-03-01,5770.7002,5817.2998,5715.2998,5807,5807,5680000,yahoo
NIFTYPHARMA,2013-03-04,5798.7002,5826.3501,5769.5498,5817.8999,5817.8999,5442000,yahoo
NIFTYPHARMA,2013-03-05,5825.1001,5897.8501,5800.8999,5885.3501,5885.3501,5819000,yahoo
NIFTYPHARMA,2013-03-06,5897.7998,5903.6499,5864.1499,5891,5891,4298000,yahoo
NIFTYPHARMA,2013-03-07,5877.7998,5927.1499,5877.7998,5919.2998,5919.2998,4828000,yahoo
NIFTYPHARMA,2013-03-08,5929.2002,5980.2002,5921.75,5973.5,5973.5,4219000,yahoo
NIFTYPHARMA,2013-03-11,5987.1001,6018,5979.3501,6001.6499,6001.6499,6071000,yahoo
NIFTYPHARMA,2013-03-12,5993.5,6014.6499,5963.9502,5974.8501,5974.8501,3809000,yahoo
NIFTYPHARMA,2013-03-13,5978.25,5994.2002,5963.7998,5985.8999,5985.8999,4485000,yahoo
NIFTYPHARMA,2013-03-14,5994.5498,6009.25,5960.3501,5989.6499,5989.6499,5159000,yahoo
NIFTYPHARMA,2013-03-15,6009.75,6042.3999,5994.8501,6003.8501,6003.8501,5281000,yahoo
NIFTYPHARMA,2013-03-18,5968.7002,6040.5,5960.5498,6029.5498,6029.5498,4317000,yahoo
NIFTYPHARMA,2013-03-19,6043.2002,6070.2002,6008.5498,6020.25,6020.25,8229000,yahoo
NIFTYPHARMA,2013-03-20,6007.8999,6055.7998,6007.8999,6026.7998,6026.7998,6422000,yahoo
NIFTYPHARMA,2013-03-21,6031.1499,6053.3501,5966.25,5980.2998,5980.2998,5850000,yahoo
NIFTYPHARMA,2013-03-22,5987.6001,5996.6499,5942.8999,5949.75,5949.75,4282000,yahoo
NIFTYPHARMA,2013-03-25,5997.0498,5997.3999,5926.4502,5939.75,5939.75,5434000,yahoo
NIFTYPHARMA,2013-03-26,5931.2998,5965.25,5908.9502,5953.75,5953.75,4606000,yahoo
NIFTYPHARMA,2013-03-28,5966.3501,5983.6499,5932.9502,5953,5953,7743000,yahoo
NIFTYPHARMA,2013-04-01,5976.0498,6041.25,5965.4502,6007.2998,6007.2998,3195000,yahoo
NIFTYPHARMA,2013-04-02,6015.4502,6141.2002,6013.1499,6135.7998,6135.7998,4560000,yahoo
NIFTYPHARMA,2013-04-03,6149.1001,6203,6140.6499,6148.9502,6148.9502,4768000,yahoo
NIFTYPHARMA,2013-04-04,6123,6181.9502,6111.2002,6119.6001,6119.6001,5143000,yahoo
NIFTYPHARMA,2013-04-05,6117.0498,6172,6107.3501,6132,6132,3922000,yahoo
NIFTYPHARMA,2013-04-08,6120.2998,6219.1499,6108.5,6185.3501,6185.3501,4172000,yahoo
NIFTYPHARMA,2013-04-09,6178.2998,6223.1499,6137,6147,6147,5328000,yahoo
NIFTYPHARMA,2013-04-10,6194.3501,6194.3501,6103.2998,6167.9502,6167.9502,4560000,yahoo
NIFTYPHARMA,2013-04-11,6196.2002,6243.8999,6175.6001,6231.25,6231.25,5544000,yahoo
NIFTYPHARMA,2013-04-12,6232.2998,6284.75,6221.0498,6242.1001,6242.1001,4288000,yahoo
NIFTYPHARMA,2013-04-15,6236.1499,6273.4502,6181.6499,6190.25,6190.25,3949000,yahoo
NIFTYPHARMA,2013-04-16,6180.1001,6300.2998,6173.5498,6287.1001,6287.1001,2954000,yahoo
NIFTYPHARMA,2013-04-17,6276.0498,6370.7002,6272.2998,6344.0498,6344.0498,5416000,yahoo
NIFTYPHARMA,2013-04-18,6352,6392.5498,6327.25,6355.3999,6355.3999,4564000,yahoo
NIFTYPHARMA,2013-04-22,6355.9502,6423.5,6337.3999,6364,6364,4204000,yahoo
NIFTYPHARMA,2013-04-23,6364.0498,6412,6355.7998,6403,6403,2905000,yahoo
NIFTYPHARMA,2013-04-25,6417.2998,6573.7998,6407.9502,6556.8501,6556.8501,7671000,yahoo
NIFTYPHARMA,2013-04-26,6545.2998,6549.0498,6499.0498,6505.6001,6505.6001,3543000,yahoo
NIFTYPHARMA,2013-04-29,6532.5498,6561.75,6476.1001,6492.9502,6492.9502,3655000,yahoo
NIFTYPHARMA,2013-04-30,6506.1001,6577.1499,6492,6550.1499,6550.1499,3848000,yahoo
NIFTYPHARMA,2013-05-02,6542,6609.25,6542,6574.5498,6574.5498,3820000,yahoo
NIFTYPHARMA,2013-05-03,6586.3501,6601.9502,6558.8501,6586.75,6586.75,4241000,yahoo
NIFTYPHARMA,2013-05-06,6594.0498,6623.2998,6582.3999,6610.0498,6610.0498,3050000,yahoo
NIFTYPHARMA,2013-05-07,6636.1499,6709.5498,6623.7998,6678.6499,6678.6499,4864000,yahoo
NIFTYPHARMA,2013-05-08,6725,6726.9502,6650.8999,6676.6001,6676.6001,8699000,yahoo
NIFTYPHARMA,2013-05-09,6671.6499,6676.5,6547.2998,6560.2998,6560.2998,4485000,yahoo
NIFTYPHARMA,2013-05-10,6559.0498,6616.1499,6557.7998,6596.4502,6596.4502,5718000,yahoo
NIFTYPHARMA,2013-05-13,6725.4502,6773.1001,6644.1499,6654,6654,5144000,yahoo
NIFTYPHARMA,2013-05-14,6660.6001,6727.2002,6660.6001,6703.3999,6703.3999,8473000,yahoo
NIFTYPHARMA,2013-05-15,6708.6001,6836.9502,6708.6001,6827.2998,6827.2998,8436000,yahoo
NIFTYPHARMA,2013-05-16,6816.7998,6926.4502,6816.7998,6912.3501,6912.3501,9001000,yahoo
NIFTYPHARMA,2013-05-17,6914,6914.1499,6838.0498,6885.1499,6885.1499,6279000,yahoo
NIFTYPHARMA,2013-05-20,6905.2002,6905.2002,6750.3501,6759.25,6759.25,9392000,yahoo
NIFTYPHARMA,2013-05-21,6739.2998,6794.75,6708.7998,6726.2002,6726.2002,5940000,yahoo
NIFTYPHARMA,2013-05-22,6737.9502,6807.75,6737.9502,6778.7998,6778.7998,6328000,yahoo
NIFTYPHARMA,2013-05-23,6749.1499,6777.75,6678.9502,6725.6001,6725.6001,8411000,yahoo
NIFTYPHARMA,2013-05-24,6708.8501,6727.7002,6640.7998,6664.1499,6664.1499,6370000,yahoo
NIFTYPHARMA,2013-05-27,6659.6499,6775,6638,6745.1001,6745.1001,6458000,yahoo
NIFTYPHARMA,2013-05-28,6753.0498,6788.1499,6687.25,6698.3501,6698.3501,6995000,yahoo
NIFTYPHARMA,2013-05-29,6760.5498,6890.75,6713.1001,6856.0498,6856.0498,9677000,yahoo
NIFTYPHARMA,2013-05-30,6810.0498,6903.4502,6794.3501,6814.8501,6814.8501,13512000,yahoo
NIFTYPHARMA,2013-05-31,6794.8501,6828.25,6710.2002,6729.25,6729.25,13503000,yahoo
NIFTYPHARMA,2013-06-03,6732.75,6815.5498,6655.5498,6715.25,6715.25,6092000,yahoo
NIFTYPHARMA,2013-06-04,6724.5498,6867.4502,6716.5498,6839.1001,6839.1001,11816000,yahoo
NIFTYPHARMA,2013-06-05,6858.2998,6878.4502,6792.1001,6858.3501,6858.3501,6970000,yahoo
NIFTYPHARMA,2013-06-06,6835.2998,6841,6752.6499,6774.75,6774.75,5405000,yahoo
NIFTYPHARMA,2013-06-07,6728,6838.1499,6728,6782.7002,6782.7002,5686000,yahoo
NIFTYPHARMA,2013-06-10,6798.2998,6812.25,6679.1499,6705.9502,6705.9502,5085000,yahoo
NIFTYPHARMA,2013-06-11,6679.1499,6726.0498,6655.9502,6686.2002,6686.2002,5819000,yahoo
NIFTYPHARMA,2013-06-12,6678.8501,6759.3999,6669.5498,6731.5,6731.5,5899000,yahoo
NIFTYPHARMA,2013-06-13,6637.1001,6700.5,6586.8501,6607.2998,6607.2998,7432000,yahoo
NIFTYPHARMA,2013-06-14,6626.7002,6672.1001,6626.7002,6656.8999,6656.8999,5794000,yahoo
NIFTYPHARMA,2013-06-17,6667.3999,6718.3501,6648.4502,6674.4502,6674.4502,4027000,yahoo
NIFTYPHARMA,2013-06-18,6665.3999,6690.75,6638.0498,6671.25,6671.25,7351000,yahoo
NIFTYPHARMA,2013-06-19,6652,6705.8501,6631.0498,6647.5,6647.5,5553000,yahoo
NIFTYPHARMA,2013-06-20,6582.2998,6654.2002,6538.2998,6617.1001,6617.1001,7841000,yahoo
NIFTYPHARMA,2013-06-21,6608.9502,6622.2002,6536.6001,6597.8501,6597.8501,6789000,yahoo
NIFTYPHARMA,2013-06-24,6566.6001,6632,6531.75,6552.7998,6552.7998,6411000,yahoo
NIFTYPHARMA,2013-06-25,6559.75,6579,6498.5,6515.75,6515.75,10366000,yahoo
NIFTYPHARMA,2013-06-26,6529.7998,6534.3501,6432.9502,6442.5498,6442.5498,6699000,yahoo
NIFTYPHARMA,2013-06-27,6484.3501,6645.0498,6484.3501,6597.7002,6597.7002,8419000,yahoo
NIFTYPHARMA,2013-06-28,6648.5498,6767,6648.5498,6756.2998,6756.2998,7953000,yahoo
NIFTYPHARMA,2013-07-01,6752.2002,6856.25,6752.2002,6838.8501,6838.8501,5043000,yahoo
NIFTYPHARMA,2013-07-02,6837.8999,6916.1499,6829.3999,6880.9502,6880.9502,8149000,yahoo
NIFTYPHARMA,2013-07-03,6855.0498,6943.5498,6852.3501,6918.8501,6918.8501,7788000,yahoo
NIFTYPHARMA,2013-07-04,6971.1499,7012.3501,6930.9502,6968.1499,6968.1499,5080000,yahoo
NIFTYPHARMA,2013-07-05,7015.75,7029.9502,6976,6983.9502,6983.9502,4893000,yahoo
NIFTYPHARMA,2013-07-08,6968.6001,7017.5,6944.8501,6979.3501,6979.3501,4697000,yahoo
NIFTYPHARMA,2013-07-09,7001.6001,7129.1499,7001.6001,7097.4502,7097.4502,4458000,yahoo
NIFTYPHARMA,2013-07-10,7110.1001,7171.75,7095.25,7117.0498,7117.0498,4471000,yahoo
NIFTYPHARMA,2013-07-11,7150.5498,7209.1001,7150.5498,7174.2998,7174.2998,4010000,yahoo
NIFTYPHARMA,2013-07-12,7204.3999,7266.6499,7138.1001,7251.4502,7251.4502,5569000,yahoo
NIFTYPHARMA,2013-07-15,7225.5,7345.9502,7225.5,7272.1001,7272.1001,3961000,yahoo
NIFTYPHARMA,2013-07-16,7213.8501,7313,7208.7002,7235.8999,7235.8999,3546000,yahoo
NIFTYPHARMA,2013-07-17,7257.6499,7297.7998,7205.0498,7234.2998,7234.2998,4929000,yahoo
NIFTYPHARMA,2013-07-18,7266.8999,7335.5,7249.8501,7301.6001,7301.6001,5669000,yahoo
NIFTYPHARMA,2013-07-19,7297.8501,7302.8501,7230.2002,7241.2998,7241.2998,5443000,yahoo
NIFTYPHARMA,2013-07-22,7233.8501,7279.5498,7203.4502,7235.8501,7235.8501,3947000,yahoo
NIFTYPHARMA,2013-07-23,7260.7998,7302.1499,7198,7240.6001,7240.6001,4326000,yahoo
NIFTYPHARMA,2013-07-24,7242.7998,7314.1499,7212,7257,7257,3848000,yahoo
NIFTYPHARMA,2013-07-25,7279.75,7279.75,7101.7002,7129.9502,7129.9502,6292000,yahoo
NIFTYPHARMA,2013-07-26,7192.8999,7202.3501,7119.9502,7158.3501,7158.3501,4828000,yahoo
NIFTYPHARMA,2013-07-29,7162.8501,7214.25,7122.2998,7132.75,7132.75,3929000,yahoo
NIFTYPHARMA,2013-07-30,7157.1001,7186.9502,7024.2998,7056.1001,7056.1001,6094000,yahoo
NIFTYPHARMA,2013-07-31,7030.3999,7125.8999,7013.75,7107.8501,7107.8501,8605000,yahoo
NIFTYPHARMA,2013-08-01,7166.2002,7193,7070.6001,7102.4502,7102.4502,6341000,yahoo
NIFTYPHARMA,2013-08-02,7146.5,7146.5,7006.3501,7036.1001,7036.1001,6744000,yahoo
NIFTYPHARMA,2013-08-05,7087.9502,7087.9502,6987.5,6995.9502,6995.9502,5153000,yahoo
NIFTYPHARMA,2013-08-06,6959.5,6987.9502,6894.1001,6927.9502,6927.9502,7061000,yahoo
NIFTYPHARMA,2013-08-07,6947.2002,6957.25,6823.6001,6877.5498,6877.5498,8592000,yahoo
NIFTYPHARMA,2013-08-08,6782.1499,6887.6001,6729.3501,6856.1001,6856.1001,27136000,yahoo
NIFTYPHARMA,2013-08-12,6979.8999,7059.5,6952.1499,6986,6986,14018000,yahoo
NIFTYPHARMA,2013-08-13,6994.1001,7113.1499,6957.7002,7101.8501,7101.8501,13569000,yahoo
NIFTYPHARMA,2013-08-14,7088.7002,7159.75,7052.5498,7085.1499,7085.1499,9057000,yahoo
NIFTYPHARMA,2013-08-16,7050.6001,7078.8999,6937.5498,6960.75,6960.75,10612000,yahoo
NIFTYPHARMA,2013-08-19,6969.0498,7002.5,6720.75,6778.0498,6778.0498,8696000,yahoo
NIFTYPHARMA,2013-08-20,6705.5498,6744.1499,6593.6499,6694.75,6694.75,8886000,yahoo
NIFTYPHARMA,2013-08-21,6727.8999,6758.6001,6464.8501,6497.2002,6497.2002,11872000,yahoo
NIFTYPHARMA,2013-08-22,6468.5498,6703.25,6449.6499,6676.5,6676.5,18877000,yahoo
NIFTYPHARMA,2013-08-23,6691.4502,6723.3501,6580.1499,6710.2002,6710.2002,12669000,yahoo
NIFTYPHARMA,2013-08-26,6753.8999,6825.75,6740.1001,6785.5,6785.5,11460000,yahoo
NIFTYPHARMA,2013-08-27,6744.1499,6774.2002,6615.0498,6649.0498,6649.0498,13182000,yahoo
NIFTYPHARMA,2013-08-28,6602.0498,6757.5,6508.25,6727.25,6727.25,16879000,yahoo
NIFTYPHARMA,2013-08-29,6760.4502,6870.7998,6698.7998,6849.2002,6849.2002,13180000,yahoo
NIFTYPHARMA,2013-08-30,6857.1499,7052.75,6794.6001,6980.5498,6980.5498,14718000,yahoo
NIFTYPHARMA,2013-09-02,6978.1499,7093.25,6978.1499,7046.6001,7046.6001,9683000,yahoo
NIFTYPHARMA,2013-09-03,7088.7002,7088.7002,6836.1499,6871.4502,6871.4502,10473000,yahoo
NIFTYPHARMA,2013-09-04,6874.6001,7074.5498,6847.6499,7046.2998,7046.2998,13304000,yahoo
NIFTYPHARMA,2013-09-05,7102.25,7165.3999,6979.3999,7023.5,7023.5,7667000,yahoo
NIFTYPHARMA,2013-09-06,7039.75,7139.7998,7039.2002,7103.7998,7103.7998,8365000,yahoo
NIFTYPHARMA,2013-09-10,7148.25,7211.5498,7128.5498,7192.7002,7192.7002,9438000,yahoo
NIFTYPHARMA,2013-09-11,7194.7998,7300.7998,7184.8999,7266.6499,7266.6499,7285000,yahoo
NIFTYPHARMA,2013-09-12,7325.25,7361.1001,7212.25,7275.6499,7275.6499,8093000,yahoo
NIFTYPHARMA,2013-09-13,7269.3999,7363.9502,7262.9502,7287.8999,7287.8999,5573000,yahoo
NIFTYPHARMA,2013-09-16,7339.6001,7369.5,7082.2998,7107,7107,38370000,yahoo
NIFTYPHARMA,2013-09-17,7094.2002,7148.1499,7073.8999,7096.4502,7096.4502,17377000,yahoo
NIFTYPHARMA,2013-09-18,7133.9502,7175.8999,7096.1001,7152.6001,7152.6001,10417000,yahoo
NIFTYPHARMA,2013-09-19,7254.7998,7273.8999,7187,7245.9502,7245.9502,13391000,yahoo
NIFTYPHARMA,2013-09-20,7237.4502,7321.75,7215.6499,7260.7002,7260.7002,17552000,yahoo
NIFTYPHARMA,2013-09-23,7231.6001,7285.8501,7143.5498,7185.6001,7185.6001,9136000,yahoo
NIFTYPHARMA,2013-09-24,7154.5,7253.1499,7143.75,7205.0498,7205.0498,9593000,yahoo
NIFTYPHARMA,2013-09-25,7194.25,7311.1001,7187.2002,7299.8501,7299.8501,7203000,yahoo
NIFTYPHARMA,2013-09-26,7307.7002,7399.4502,7307.7002,7362.8501,7362.8501,9690000,yahoo
NIFTYPHARMA,2013-09-27,7395.3501,7445.2002,7356.5,7364.6001,7364.6001,7523000,yahoo
NIFTYPHARMA,2013-09-30,7359.5498,7434.3999,7328.1499,7361.0498,7361.0498,6611000,yahoo
NIFTYPHARMA,2013-10-01,7367.5498,7407.1499,7348.3501,7382.5,7382.5,8723000,yahoo
NIFTYPHARMA,2013-10-03,7422.7002,7519.3999,7422.7002,7467.2998,7467.2998,10355000,yahoo
NIFTYPHARMA,2013-10-04,7467.0498,7533.8501,7461.3501,7472.4502,7472.4502,7907000,yahoo
NIFTYPHARMA,2013-10-07,7471.0498,7562.6001,7471.0498,7552.6499,7552.6499,10795000,yahoo
NIFTYPHARMA,2013-10-08,7564.8501,7601.4502,7541.1001,7565.8501,7565.8501,8313000,yahoo
NIFTYPHARMA,2013-10-09,7548.5498,7746.6499,7543.7998,7710.6001,7710.6001,9973000,yahoo
NIFTYPHARMA,2013-10-10,7726.7002,7753.75,7707.8501,7731.5498,7731.5498,11610000,yahoo
NIFTYPHARMA,2013-10-11,7807.8999,7807.8999,7634.2998,7642.0498,7642.0498,11898000,yahoo
NIFTYPHARMA,2013-10-14,7666.7002,7693.7998,7602.6499,7612.8501,7612.8501,5940000,yahoo
NIFTYPHARMA,2013-10-15,7645.7002,7668.1001,7573.6499,7589,7589,5931000,yahoo
NIFTYPHARMA,2013-10-17,7598.2002,7648.7998,7536.8999,7546.9502,7546.9502,6150000,yahoo
NIFTYPHARMA,2013-10-18,7571.5498,7644.3501,7571.5498,7632.2002,7632.2002,6389000,yahoo
NIFTYPHARMA,2013-10-21,7656,7700.3501,7609.5,7634.2998,7634.2998,6853000,yahoo
NIFTYPHARMA,2013-10-22,7602.8501,7676.2002,7602.8501,7648.1499,7648.1499,6245000,yahoo
NIFTYPHARMA,2013-10-23,7686.75,7699.9502,7527.2002,7582.6499,7582.6499,7607000,yahoo
NIFTYPHARMA,2013-10-24,7591.7998,7611.3501,7522.8999,7542.8999,7542.8999,6571000,yahoo
NIFTYPHARMA,2013-10-25,7520.6001,7539.6499,7424.3999,7473.2002,7473.2002,6512000,yahoo
NIFTYPHARMA,2013-10-28,7474.5,7489.8999,7387.5498,7397.5498,7397.5498,4310400,yahoo
NIFTYPHARMA,2013-10-29,7391.2002,7521.25,7390.75,7508.2998,7508.2998,7634000,yahoo
NIFTYPHARMA,2013-10-30,7512.8501,7616.25,7505.2002,7605.75,7605.75,13540000,yahoo
NIFTYPHARMA,2013-10-31,7617.1499,7626.8501,7471.8999,7495.9502,7495.9502,11714000,yahoo
NIFTYPHARMA,2013-11-01,7481.5498,7529.1001,7474.0498,7502.7998,7502.7998,8591000,yahoo
NIFTYPHARMA,2013-11-05,7533,7543.7002,7399,7413.2998,7413.2998,8282000,yahoo
NIFTYPHARMA,2013-11-06,7419.8999,7508.6001,7394.7002,7476.8999,7476.8999,9083000,yahoo
NIFTYPHARMA,2013-11-07,7512,7540.3501,7452.8999,7481.75,7481.75,6309000,yahoo
NIFTYPHARMA,2013-11-08,7429.7998,7544.8501,7427.4502,7491.5498,7491.5498,8443000,yahoo
NIFTYPHARMA,2013-11-11,7505.8999,7571.1499,7491.7998,7519.3501,7519.3501,7971000,yahoo
NIFTYPHARMA,2013-11-12,7537.7998,7580.5,7517.9502,7523.6499,7523.6499,7592000,yahoo
NIFTYPHARMA,2013-11-13,7575.5498,7625.6499,7502.8999,7518.75,7518.75,8522000,yahoo
NIFTYPHARMA,2013-11-14,7553.25,7565.2002,7443.1001,7461.5,7461.5,7358000,yahoo
NIFTYPHARMA,2013-11-18,7516.8999,7528.7998,7458.5498,7517.7998,7517.7998,7691000,yahoo
NIFTYPHARMA,2013-11-19,7516.8999,7557.5498,7478.1001,7497.1001,7497.1001,4617000,yahoo
NIFTYPHARMA,2013-11-20,7480.1499,7519.8501,7388.2002,7400.6499,7400.6499,6952000,yahoo
NIFTYPHARMA,2013-11-21,7397.8501,7398.1001,7272.4502,7283.5498,7283.5498,6761000,yahoo
NIFTYPHARMA,2013-11-22,7323.75,7328.5498,7262,7293.2002,7293.2002,7093000,yahoo
NIFTYPHARMA,2013-11-25,7341.7002,7360.6001,7302.0498,7337.2002,7337.2002,5108000,yahoo
NIFTYPHARMA,2013-11-26,7337.25,7392.3501,7255.0498,7272.6499,7272.6499,7074000,yahoo
NIFTYPHARMA,2013-11-27,7282.1499,7290.8501,7205.25,7245.8999,7245.8999,7266000,yahoo
NIFTYPHARMA,2013-11-28,7275.3999,7310.5498,7251.8501,7268.1001,7268.1001,7909000,yahoo
NIFTYPHARMA,2013-11-29,7264.3501,7361.6499,7264.3501,7351.7998,7351.7998,5852000,yahoo
NIFTYPHARMA,2013-12-02,7363.4502,7516.1499,7363.4502,7502.1001,7502.1001,10657000,yahoo
NIFTYPHARMA,2013-12-03,7513.5,7543.2002,7455.3501,7478.0498,7478.0498,7572000,yahoo
NIFTYPHARMA,2013-12-04,7478.75,7484.7002,7431.8501,7441.3999,7441.3999,5952000,yahoo
NIFTYPHARMA,2013-12-05,7516.2002,7522.8501,7322.1499,7344.1499,7344.1499,7314000,yahoo
NIFTYPHARMA,2013-12-06,7356.1499,7404.1499,7356.1499,7365.75,7365.75,5480000,yahoo
NIFTYPHARMA,2013-12-09,7507.5498,7507.5498,7363.3501,7384.75,7384.75,6430000,yahoo
NIFTYPHARMA,2013-12-10,7374.5,7419,7370.5498,7406.6001,7406.6001,6537000,yahoo
NIFTYPHARMA,2013-12-11,7405.0498,7428.75,7361.4502,7386.9502,7386.9502,5152000,yahoo
NIFTYPHARMA,2013-12-12,7340.2998,7374.75,7305.3501,7319.25,7319.25,6338000,yahoo
NIFTYPHARMA,2013-12-13,7290,7336.8999,7266.8999,7276.8999,7276.8999,6462000,yahoo
NIFTYPHARMA,2013-12-16,7378.25,7383.0498,7301.8501,7313.75,7313.75,5707000,yahoo
NIFTYPHARMA,2013-12-17,7357.3999,7459.4502,7350.8999,7442.5498,7442.5498,11607000,yahoo
NIFTYPHARMA,2013-12-18,7476.2002,7540.75,7456.25,7517.2998,7517.2998,9842000,yahoo
NIFTYPHARMA,2013-12-19,7519.0498,7642.1499,7471.2002,7597.6499,7597.6499,10172000,yahoo
NIFTYPHARMA,2013-12-20,7627.25,7655.1001,7566.5,7646.6001,7646.6001,7523000,yahoo
NIFTYPHARMA,2013-12-23,7638.1499,7704.6001,7626.1001,7644.0498,7644.0498,5778000,yahoo
NIFTYPHARMA,2013-12-24,7669.1499,7726.2002,7631.8999,7641.0498,7641.0498,8280000,yahoo
NIFTYPHARMA,2013-12-26,7659.5498,7689.25,7578.3999,7601.3501,7601.3501,8121000,yahoo
NIFTYPHARMA,2013-12-27,7632.3999,7671.2998,7615.1001,7661.2002,7661.2002,4583000,yahoo
NIFTYPHARMA,2013-12-30,7677.7998,7686.5498,7602.9502,7620.9502,7620.9502,4044000,yahoo
NIFTYPHARMA,2013-12-31,7648.9502,7674.3999,7623.5498,7634.9502,7634.9502,3794000,yahoo
