horizon,symbol,date,correct
intraday,AMBUJACEM,2026-09-25,0
intraday,AXISBANK,2026-09-25,1
intraday,BAJAJFINSV,2026-09-25,1
intraday,BRITANNIA,2026-09-25,1
intraday,CANBK,2026-09-25,0
intraday,CHOLAFIN,2026-09-25,1
intraday,GODREJCP,2026-09-25,1
intraday,INDIGO,2026-09-25,0
intraday,IRFC,2026-09-25,0
intraday,MAXHEALTH,2026-09-25,0
intraday,MAZDOCK,2026-09-25,1
intraday,NTPC,2026-09-25,1
intraday,PIDILITIND,2026-09-25,1
intraday,SBILIFE,2026-09-25,1
intraday,SHRIRAMFIN,2026-09-25,1
intraday,SOLARINDS,2026-09-25,0
intraday,TMPV,2026-09-25,1
intraday,UNIONBANK,2026-09-25,0
intraday,VBL,2026-09-25,1
intraday,VEDL,2026-09-25,0
intraday,TATACONSUM,2026-09-28,1
intraday,ABBOTINDIA,2026-10-05,1
intraday,AIIL,2026-10-05,0
intraday,AJANTPHARM,2026-10-05,0
intraday,BAJAJHLDNG,2026-10-05,1
intraday,BEL,2026-10-05,1
intraday,CUMMINSIND,2026-10-05,0
intraday,DMART,2026-10-05,1
intraday,DRREDDY,2026-10-05,0
intraday,FACT,2026-10-05,1
intraday,GICRE,2026-10-05,1
intraday,GVT&D,2026-10-05,1
intraday,HDFCLIFE,2026-10-05,1
intraday,HINDCOPPER,2026-10-05,1
intraday,LUPIN,2026-10-05,0
intraday,MAHABANK,2026-10-05,0
intraday,MEESHO,2026-10-05,0
intraday,NLCINDIA,2026-10-05,1
intraday,RVNL,2026-10-05,0
intraday,SUNDARMFIN,2026-10-05,0
intraday,TATAINVEST,2026-10-05,0
intraday_close,ABBOTINDIA,2026-10-05,1
intraday_close,AIIL,2026-10-05,0
intraday_close,AJANTPHARM,2026-10-05,0
intraday_close,ANTHEM,2026-10-05,0
intraday_close,ASTERDM,2026-10-05,0
intraday_close,BEL,2026-10-05,1
intraday_close,CUMMINSIND,2026-10-05,0
intraday_close,DIVISLAB,2026-10-05,1
intraday_close,FACT,2026-10-05,1
intraday_close,GODFRYPHLP,2026-10-05,0
intraday_close,GVT&D,2026-10-05,0
intraday_close,HUDCO,2026-10-05,0
intraday_close,IRFC,2026-10-05,1
intraday_close,LINDEINDIA,2026-10-05,1
intraday_close,LUPIN,2026-10-05,0
intraday_close,MAHABANK,2026-10-05,0
intraday_close,MAXHEALTH,2026-10-05,0
intraday_close,NLCINDIA,2026-10-05,0
intraday_close,RVNL,2026-10-05,0
intraday_close,SUNDARMFIN,2026-10-05,0
intraday_close,ADANIGREEN,2026-10-07,0
intraday_close,AIIL,2026-10-07,1
intraday_close,APOLLOHOSP,2026-10-07,1
intraday_close,ATGL,2026-10-07,1
intraday_close,FACT,2026-10-07,0
intraday_close,GODFRYPHLP,2026-10-07,1
intraday_close,HINDCOPPER,2026-10-07,1
intraday_close,ICICIGI,2026-10-07,1
intraday_close,IRFC,2026-10-07,1
intraday_close,LINDEINDIA,2026-10-07,0
intraday_close,LUPIN,2026-10-07,1
intraday_close,MARICO,2026-10-07,1
intraday_close,MAXHEALTH,2026-10-07,1
intraday_close,NTPC,2026-10-07,0
intraday_close,ONGC,2026-10-07,1
intraday_close,PAYTM,2026-10-07,1
intraday_close,TATACOMM,2026-10-07,1
intraday_close,TECHM,2026-10-07,0
intraday_close,UNITDSPR,2026-10-07,0
intraday_close,VAML,2026-10-07,1
