symbol,date,correct
ADANIENSOL,2026-09-24,1
APOLLOHOSP,2026-09-24,0
ASIANPAINT,2026-09-24,1
BAJAJ-AUTO,2026-09-24,0
CUMMINSIND,2026-09-24,1
EICHERMOT,2026-09-24,0
NESTLEIND,2026-09-24,0
SHRIRAMFIN,2026-09-24,0
SUNPHARMA,2026-09-24,1
TITAN,2026-09-24,0
ADANIENSOL,2026-09-25,1
AIAENG,2026-09-25,1
AJANTPHARM,2026-09-25,1
ANTHEM,2026-09-25,0
APOLLOHOSP,2026-09-25,0
AUROPHARMA,2026-09-25,1
EICHERMOT,2026-09-25,0
FLUOROCHEM,2026-09-25,1
IPCALAB,2026-09-25,1
THERMAX,2026-09-25,0
ADANIENSOL,2026-09-28,1
ANTHEM,2026-09-28,1
APARINDS,2026-09-28,1
CHOLAFIN,2026-09-28,0
EICHERMOT,2026-09-28,0
IDFCFIRSTB,2026-09-28,1
KEI,2026-09-28,1
PAYTM,2026-09-28,1
THERMAX,2026-09-28,0
YESBANK,2026-09-28,0
CHOLAFIN,2026-09-29,0
IDFCFIRSTB,2026-09-29,1
INDUSINDBK,2026-09-29,1
MEDANTA,2026-09-29,0
NAM-INDIA,2026-09-29,0
PFC,2026-09-29,1
RECLTD,2026-09-29,1
SHRIRAMFIN,2026-09-29,0
SOLARINDS,2026-09-29,1
YESBANK,2026-09-29,1
BSE,2026-09-30,1
CHOLAFIN,2026-09-30,0
FORTIS,2026-09-30,1
IDEA,2026-09-30,1
KEI,2026-09-30,1
MAXHEALTH,2026-09-30,0
MEDANTA,2026-09-30,0
NAM-INDIA,2026-09-30,0
POLYCAB,2026-09-30,1
UNITDSPR,2026-09-30,0
BAJAJ-AUTO,2026-10-01,0
CHOLAFIN,2026-10-01,1
EICHERMOT,2026-10-01,1
GRASIM,2026-10-01,0
IDEA,2026-10-01,1
LTF,2026-10-01,0
M&MFIN,2026-10-01,0
MEDANTA,2026-10-01,0
NMDC,2026-10-01,0
TITAN,2026-10-01,0
