symbol,date,iep,prev_close,po_qty,buy_qty,sell_qty
360ONE,2026-09-25,1080.0,1080.8,942,100795,6039
3MINDIA,2026-09-25,34595.0,34590.0,1,108,675
ABB,2026-09-25,7111.0,7129.0,331,1357,4988
ABBOTINDIA,2026-09-25,26860.0,26860.0,19,321,330
ABCAPITAL,2026-09-25,390.9,390.1,1991,35408,66300
ACC,2026-09-25,1236.1,1236.1,66,13866,12122
ADANIENSOL,2026-09-25,1341.4,1340.5,623,6722,14518
ADANIENT,2026-09-25,2920.0,2900.0,4516,11815,17586
ADANIGREEN,2026-09-25,1279.9,1280.1,1825,9538,21668
ADANIPORTS,2026-09-25,1791.8,1785.3,4123,9363,41576
ADANIPOWER,2026-09-25,200.0,199.48,63453,190310,554660
AIAENG,2026-09-25,3954.0,3953.4,50,702,2140
AIIL,2026-09-25,551.6,551.6,329,3535,7797
AJANTPHARM,2026-09-25,3547.0,3539.5,31,1042,2229
ALKEM,2026-09-25,5322.5,5326.0,85,414,1061
AMBUJACEM,2026-09-25,382.2,384.1,10118,33498,91423
ANTHEM,2026-09-25,888.0,885.6,453,5755,29481
APARINDS,2026-09-25,18000.0,17804.0,252,1700,2479
APLAPOLLO,2026-09-25,2179.1,2184.8,212,2345,7219
APOLLOHOSP,2026-09-25,8891.0,8888.5,1227,2068,1478
APOLLOTYRE,2026-09-25,399.5,397.95,1284,14830,61161
ASHOKLEY,2026-09-25,157.52,157.3,14216,155876,252588
ASIANPAINT,2026-09-25,2401.9,2392.7,1298,5165,7485
ASTRAL,2026-09-25,1389.8,1392.0,291,5141,13225
ATGL,2026-09-25,615.0,612.4,4113,12782,67250
AUBANK,2026-09-25,1001.0,1000.1,1199,8939,12687
AUROPHARMA,2026-09-25,1716.0,1716.0,346,2245,6532
AWL,2026-09-25,184.39,184.69,2240,38460,125211
AXISBANK,2026-09-25,1191.5,1186.5,30430,43468,70416
BAJAJ-AUTO,2026-09-25,11245.0,11208.0,361,696,1660
BAJAJFINSV,2026-09-25,1774.0,1762.3,1480,7132,8765
BAJAJHFL,2026-09-25,83.03,82.96,18286,407321,252003
BAJAJHLDNG,2026-09-25,10925.0,10917.0,124,383,706
BAJFINANCE,2026-09-25,982.0,982.0,25188,70854,60583
BALKRISIND,2026-09-25,2166.5,2167.8,156,5665,3919
BANKBARODA,2026-09-25,234.55,234.3,7231,84347,197797
BANKINDIA,2026-09-25,137.6,137.76,3212,103337,327735
BDL,2026-09-25,1155.0,1155.0,2782,15018,34235
BEL,2026-09-25,392.0,392.0,27969,155390,437772
BERGEPAINT,2026-09-25,451.9,449.4,368,12650,14209
BHARATFORG,2026-09-25,1991.2,1998.9,574,2695,8584
BHARTIARTL,2026-09-25,1794.0,1795.8,41319,38997,54164
BHARTIHEXA,2026-09-25,1505.2,1507.2,22,1167,8137
BHEL,2026-09-25,417.75,415.35,12725,132653,112608
BIOCON,2026-09-25,387.5,387.0,7952,16314,37824
BLUESTARCO,2026-09-25,1523.8,1525.0,39,2117,6241
BOSCHLTD,2026-09-25,47700.0,47750.0,15,382,905
BPCL,2026-09-25,308.1,307.1,5380,75036,111880
BRITANNIA,2026-09-25,4900.5,4895.0,91,2184,2120
BSE,2026-09-25,3206.1,3183.8,12221,59195,98012
CANBK,2026-09-25,125.79,125.9,31935,288287,819028
CGPOWER,2026-09-25,889.5,886.7,4083,24892,85047
CHOLAFIN,2026-09-25,1678.1,1681.7,2035,5781,3788
CIPLA,2026-09-25,1402.9,1399.0,2525,5255,15737
COALINDIA,2026-09-25,424.0,422.0,19252,61385,277332
COCHINSHIP,2026-09-25,1370.0,1370.0,1524,8277,98919
COFORGE,2026-09-25,1786.9,1785.9,4057,8338,22615
COLPAL,2026-09-25,1854.8,1854.8,178,3516,9391
CONCOR,2026-09-25,467.8,466.3,1096,16275,41968
COROMANDEL,2026-09-25,1942.5,1942.5,102,3475,4670
CRISIL,2026-09-25,4488.8,4503.5,55,1758,3354
CUMMINSIND,2026-09-25,4972.0,4973.0,163,1218,2057
DABUR,2026-09-25,384.8,385.7,1285,21465,59586
DALBHARAT,2026-09-25,1746.2,1721.2,161,1991,3665
DIVISLAB,2026-09-25,9602.0,9602.0,1070,2479,2585
DIXON,2026-09-25,13280.0,13299.0,649,2321,4866
DLF,2026-09-25,671.2,670.4,1620,16878,41326
DMART,2026-09-25,3789.8,3787.5,148,2551,7792
DRREDDY,2026-09-25,1204.5,1200.4,1433,9973,33587
EICHERMOT,2026-09-25,7340.5,7338.5,776,1929,2097
ENDURANCE,2026-09-25,2678.4,2663.2,27,1270,3935
ENRIN,2026-09-25,3224.0,3215.4,356,5406,29011
ESCORTS,2026-09-25,2822.9,2822.9,63,1288,6197
ETERNAL,2026-09-25,335.6,335.5,66705,190289,264423
EXIDEIND,2026-09-25,426.85,426.55,4109,22706,80637
FEDERALBNK,2026-09-25,327.5,329.5,20650,53713,65628
FLUOROCHEM,2026-09-25,4475.9,4475.9,37,2616,5230
FORTIS,2026-09-25,878.15,877.35,2065,7598,9857
GAIL,2026-09-25,173.9,173.85,18653,65814,294094
GICRE,2026-09-25,339.3,339.25,197,32537,96027
GLAXO,2026-09-25,2829.0,2829.2,44,1250,2764
GLENMARK,2026-09-25,2425.0,2430.4,175,427,4099
GMRAIRPORT,2026-09-25,96.64,97.35,47328,87355,346534
GODFRYPHLP,2026-09-25,1974.0,1974.0,195,2449,7094
GODREJCP,2026-09-25,873.35,875.0,192,7052,20412
GODREJIND,2026-09-25,1093.0,1099.0,150,5663,3875
GODREJPROP,2026-09-25,1666.0,1671.2,558,3653,11485
GRASIM,2026-09-25,3175.0,3166.5,629,26649,65285
GROWW,2026-09-25,186.55,186.55,36219,312306,1398335
GVT&D,2026-09-25,4292.0,4286.3,849,7202,10671
HAL,2026-09-25,4774.2,4774.2,1498,5931,16087
HAVELLS,2026-09-25,1085.2,1090.0,786,6808,6475
HCLTECH,2026-09-25,1241.0,1243.6,6522,10767,31698
HDBFS,2026-09-25,662.0,661.0,764,13769,98692
HDFCAMC,2026-09-25,2390.0,2380.3,5689,15245,8853
HDFCBANK,2026-09-25,723.0,728.9,542809,312556,357451
HDFCLIFE,2026-09-25,526.9,526.9,11764,82587,74168
HEROMOTOCO,2026-09-25,5340.0,5296.0,858,3408,3365
HEXT,2026-09-25,496.95,499.35,114,2826,9578
HINDALCO,2026-09-25,979.2,982.0,9738,36345,36159
HINDPETRO,2026-09-25,352.55,350.4,20488,90681,151625
HINDUNILVR,2026-09-25,1933.5,1933.5,2108,15411,27740
HINDZINC,2026-09-25,591.1,587.15,4746,60242,124217
HONAUT,2026-09-25,33625.0,33625.0,10,195,231
HUDCO,2026-09-25,174.61,174.32,4406,44734,165692
HYUNDAI,2026-09-25,2060.1,2060.6,990,3587,5582
ICICIAMC,2026-09-25,3165.0,3169.2,65,4762,9112
ICICIBANK,2026-09-25,1332.9,1334.5,36839,22861,50449
ICICIGI,2026-09-25,1577.0,1577.0,3456,10548,13932
ICICIPRULI,2026-09-25,464.55,464.5,2368,22178,18583
IDEA,2026-09-25,14.15,14.12,972532,12455498,13264503
IDFCFIRSTB,2026-09-25,83.48,83.76,97480,332944,1105135
INDHOTEL,2026-09-25,726.1,728.8,1255,20991,36327
INDIANB,2026-09-25,829.85,830.0,1395,9141,46552
INDIGO,2026-09-25,4890.0,4890.0,881,5099,5789
INDUSINDBK,2026-09-25,919.5,919.5,2464,16935,10437
INDUSTOWER,2026-09-25,378.0,379.85,847,22926,105216
INFY,2026-09-25,999.5,1014.5,73394,169896,156013
IOC,2026-09-25,136.5,136.27,9676,148050,430545
IPCALAB,2026-09-25,2020.0,1997.1,1190,3942,7227
IRCTC,2026-09-25,461.2,461.2,3613,48983,88285
IREDA,2026-09-25,109.75,110.11,10598,156628,199677
IRFC,2026-09-25,79.68,79.86,18637,190165,442920
ITC,2026-09-25,268.1,268.0,42855,214802,524901
ITCHOTELS,2026-09-25,164.8,164.01,7898,108626,284866
JINDALSTEL,2026-09-25,1154.4,1157.8,216,5444,22818
JIOFIN,2026-09-25,227.2,227.2,36832,284472,426446
JKCEMENT,2026-09-25,5165.0,5184.5,64,1085,1804
JSL,2026-09-25,738.0,738.95,83,9310,15364
JSWENERGY,2026-09-25,510.0,510.0,2202,11714,18958
JSWINFRA,2026-09-25,360.65,360.7,3744,26116,172043
JSWSTEEL,2026-09-25,1279.0,1273.2,1834,5004,20514
JUBLFOOD,2026-09-25,478.5,478.9,922,4858,23465
KALYANKJIL,2026-09-25,574.6,573.6,17616,45570,84742
KEI,2026-09-25,4636.5,4636.5,578,5185,12576
KOTAKBANK,2026-09-25,406.9,405.0,18849,47228,118181
KPITTECH,2026-09-25,517.95,516.85,3734,26036,53392
KPRMILL,2026-09-25,1118.0,1113.8,27,1306,11514
LAURUSLABS,2026-09-25,2026.0,2026.2,6497,4821,18983
LENSKART,2026-09-25,676.5,676.0,12331,26468,42162
LGEINDIA,2026-09-25,1711.0,1697.7,2455,5477,20007
LICHSGFIN,2026-09-25,564.75,564.25,2368,26680,39752
LICI,2026-09-25,404.0,406.0,9937,88924,389232
LINDEINDIA,2026-09-25,6185.0,6196.5,16,786,2079
LLOYDSME,2026-09-25,1822.0,1821.9,524,5556,116196
LODHA,2026-09-25,1150.0,1158.0,1512,8594,8090
LT,2026-09-25,3865.0,3858.4,4940,20343,27739
LTF,2026-09-25,284.95,282.0,39522,248901,93019
LTM,2026-09-25,4038.0,4038.0,197,7098,8299
LTTS,2026-09-25,3218.6,3209.1,140,1977,2900
LUPIN,2026-09-25,2091.3,2100.7,401,4002,10406
M&M,2026-09-25,2965.0,2982.7,15788,17297,16121
M&MFIN,2026-09-25,341.45,339.9,5025,19279,35244
MAHABANK,2026-09-25,82.3,82.38,15083,118299,546193
MANKIND,2026-09-25,2488.3,2500.0,946,1729,8893
MARICO,2026-09-25,822.0,824.55,640,3048,8409
MARUTI,2026-09-25,11997.0,11990.0,619,4585,4668
MAXHEALTH,2026-09-25,1050.0,1046.0,2458,9844,31839
MAZDOCK,2026-09-25,2202.0,2202.0,1976,12569,14469
MCX,2026-09-25,3463.6,3427.7,12768,45986,41031
MEDANTA,2026-09-25,1506.0,1506.2,186,2563,5900
MFSL,2026-09-25,1390.0,1410.0,8023,24074,10527
MOTHERSON,2026-09-25,162.6,162.5,34471,110802,131654
MOTILALOFS,2026-09-25,1020.0,1022.0,406,7696,46037
MPHASIS,2026-09-25,2235.0,2248.2,138,1580,2798
MRF,2026-09-25,124480.0,123985.0,7,152,222
MUTHOOTFIN,2026-09-25,2830.0,2825.3,359,11458,8009
NAM-INDIA,2026-09-25,1144.0,1144.9,316,3807,24944
NATIONALUM,2026-09-25,360.6,358.4,23888,43023,71624
NAUKRI,2026-09-25,1216.4,1224.0,1467,6724,5950
NESTLEIND,2026-09-25,1357.0,1351.0,1864,7594,7313
NHPC,2026-09-25,76.17,76.25,10091,170892,504129
NIACL,2026-09-25,180.4,180.4,7539,37657,200771
NLCINDIA,2026-09-25,263.25,263.25,843,30721,96852
NMDC,2026-09-25,80.76,80.82,22739,186882,470666
NTPC,2026-09-25,327.3,326.6,12420,60582,145613
NTPCGREEN,2026-09-25,95.43,95.43,9611,55767,379149
NYKAA,2026-09-25,335.5,335.3,5821,16122,63629
OBEROIRLTY,2026-09-25,1837.5,1837.5,289,1599,7904
OFSS,2026-09-25,10782.0,10925.0,1072,1898,7864
OIL,2026-09-25,476.0,479.0,4557,9707,66342
ONGC,2026-09-25,238.0,239.0,42473,179588,645820
PAGEIND,2026-09-25,37350.0,37500.0,17,86,663
PATANJALI,2026-09-25,404.85,404.85,5455,23738,56577
PAYTM,2026-09-25,1732.5,1735.5,4137,8146,45299
PERSISTENT,2026-09-25,5277.0,5277.0,594,2026,5234
PETRONET,2026-09-25,285.35,286.6,700,18446,57459
PFC,2026-09-25,340.0,339.35,6365,159928,123284
PHOENIXLTD,2026-09-25,1944.2,1955.0,1394,882,2462
PIDILITIND,2026-09-25,1525.0,1522.0,1315,5341,3511
PIIND,2026-09-25,2388.6,2393.5,61,2859,4521
PNB,2026-09-25,117.12,117.12,17800,457551,395291
POLICYBZR,2026-09-25,1160.0,1207.2,1186736,1104542,208185
POLYCAB,2026-09-25,8394.0,8366.5,225,2396,6065
POWERGRID,2026-09-25,268.7,266.4,70026,104683,245002
POWERINDIA,2026-09-25,30995.0,30715.0,456,1214,1870
PREMIERENE,2026-09-25,894.0,898.0,851,7064,15908
PRESTIGE,2026-09-25,1470.0,1475.0,221,1441,2437
RADICO,2026-09-25,4494.9,4481.3,262,2534,4617
RECLTD,2026-09-25,309.2,308.25,5358,88559,148512
RELIANCE,2026-09-25,1210.5,1219.2,381939,240888,220381
RVNL,2026-09-25,206.0,206.0,10167,57000,197531
SAIL,2026-09-25,184.64,184.0,24355,91676,579247
SBICARD,2026-09-25,617.0,618.4,1491,15767,15288
SBILIFE,2026-09-25,1755.0,1755.0,2586,4875,7536
SBIN,2026-09-25,980.8,978.5,17634,83690,210392
SCHAEFFLER,2026-09-25,4033.0,4024.2,55,2469,2073
SHREECEM,2026-09-25,22350.0,22350.0,3,308,125
SHRIRAMFIN,2026-09-25,990.0,990.0,30411,31058,36768
SIEMENS,2026-09-25,3841.1,3841.8,161,1044,2733
SJVN,2026-09-25,62.5,62.24,7003,131603,634032
SOLARINDS,2026-09-25,19570.0,19480.0,263,2983,2172
SRF,2026-09-25,2535.0,2533.8,135,1737,9507
SUNDARMFIN,2026-09-25,4590.3,4592.0,74,455,1198
SUNPHARMA,2026-09-25,1858.7,1849.9,1928,7439,25092
SUPREMEIND,2026-09-25,3430.0,3434.0,63,1050,2377
SUZLON,2026-09-25,40.74,40.74,382716,1481871,3260499
SWIGGY,2026-09-25,268.9,267.45,16345,77380,329837
TATACAP,2026-09-25,337.0,336.25,1869,39736,41170
TATACOMM,2026-09-25,1671.9,1670.0,14,1351,8353
TATACONSUM,2026-09-25,988.0,986.3,1261,11655,13022
TATAELXSI,2026-09-25,3190.0,3183.8,276,6304,5816
TATAINVEST,2026-09-25,659.65,658.35,667,15643,48901
TATAPOWER,2026-09-25,363.0,363.45,4891,35018,110697
TATASTEEL,2026-09-25,188.57,188.02,40234,395363,856443
TCS,2026-09-25,2054.0,2087.0,38237,37108,91772
TECHM,2026-09-25,1540.0,1543.0,2128,10034,15599
THERMAX,2026-09-25,3402.0,3406.1,530,1803,2568
TIINDIA,2026-09-25,2530.0,2540.5,527,2206,1521
TITAN,2026-09-25,4855.0,4832.5,970,3411,6071
TMCV,2026-09-25,440.0,437.15,17394,59971,156680
TMPV,2026-09-25,297.0,295.0,23860,282652,356075
TORNTPHARM,2026-09-25,4911.5,4928.5,399,985,3288
TORNTPOWER,2026-09-25,1244.0,1244.2,111,5522,9385
TRENT,2026-09-25,2720.0,2700.0,1185,9262,12852
TVSMOTOR,2026-09-25,4075.0,4091.0,1301,4724,3836
UBL,2026-09-25,1270.2,1270.2,614,1870,8350
ULTRACEMCO,2026-09-25,11100.0,11056.0,320,993,2978
UNIONBANK,2026-09-25,178.78,179.45,3113,23084,215488
UNITDSPR,2026-09-25,1423.3,1423.3,814,1423,13058
UNOMINDA,2026-09-25,1224.4,1224.4,180,5783,5503
UPL,2026-09-25,548.0,549.6,456,14044,422091
VBL,2026-09-25,428.3,431.25,6625,35415,100762
VEDL,2026-09-25,266.25,267.5,18121,124059,223361
VMM,2026-09-25,105.45,105.46,20731,108523,595841
VOLTAS,2026-09-25,1109.9,1113.4,612,12278,9325
WAAREEENER,2026-09-25,2494.4,2482.0,3257,11757,20263
WIPRO,2026-09-25,163.05,163.64,72410,171184,501939
YESBANK,2026-09-25,22.48,22.44,68025,1437352,2457818
ZYDUSLIFE,2026-09-25,1185.5,1180.3,1442,4549,17172
360ONE,2026-09-28,1067.0,1073.0,212,105308,6019
3MINDIA,2026-09-28,33965.0,33925.0,2,164,696
ABB,2026-09-28,7038.0,7052.5,452,1939,3063
ABBOTINDIA,2026-09-28,26955.0,26955.0,4,309,726
ABCAPITAL,2026-09-28,388.05,390.0,2972,11364,61905
ACC,2026-09-28,1236.0,1236.4,335,10667,16679
ADANIENSOL,2026-09-28,1338.0,1338.5,1843,6115,14869
ADANIENT,2026-09-28,2924.0,2916.5,1607,6562,26988
ADANIGREEN,2026-09-28,1290.4,1296.6,1492,9235,37069
ADANIPORTS,2026-09-28,1788.0,1788.0,6927,7045,41573
ADANIPOWER,2026-09-28,202.75,202.75,169945,199029,754239
AIAENG,2026-09-28,3939.3,3919.4,64,841,1132
AIIL,2026-09-28,555.9,559.6,209,3815,22140
AJANTPHARM,2026-09-28,3546.0,3547.8,46,1145,2863
ALKEM,2026-09-28,5254.0,5274.0,19,409,768
AMBUJACEM,2026-09-28,383.8,383.8,2355,42142,77879
ANTHEM,2026-09-28,868.0,873.6,1681,6320,24878
APARINDS,2026-09-28,17750.0,17776.0,278,1737,3312
APLAPOLLO,2026-09-28,2210.2,2214.7,365,518,9347
APOLLOHOSP,2026-09-28,8889.0,8889.0,912,1925,2503
APOLLOTYRE,2026-09-28,396.1,400.1,4170,10885,62145
ASHOKLEY,2026-09-28,158.51,159.08,34828,84693,321514
ASIANPAINT,2026-09-28,2437.9,2444.0,1732,5819,7327
ASTRAL,2026-09-28,1392.9,1399.0,465,4022,15935
ATGL,2026-09-28,611.5,611.65,2795,8316,69342
AUBANK,2026-09-28,1015.2,1018.0,686,5148,12150
AUROPHARMA,2026-09-28,1712.0,1712.0,1109,3224,10697
AWL,2026-09-28,183.02,184.34,3633,113715,172553
AXISBANK,2026-09-28,1211.5,1222.4,35438,84373,46110
BAJAJ-AUTO,2026-09-28,11250.0,11281.0,224,721,1653
BAJAJFINSV,2026-09-28,1767.0,1771.0,800,5249,11980
BAJAJHFL,2026-09-28,83.14,83.14,10085,193612,342549
BAJAJHLDNG,2026-09-28,10925.0,10940.0,26,965,974
BAJFINANCE,2026-09-28,990.0,996.9,14284,41879,92243
BALKRISIND,2026-09-28,2177.0,2185.3,101,1836,5050
BANKBARODA,2026-09-28,234.99,235.26,19769,82034,239786
BANKINDIA,2026-09-28,137.5,137.94,8123,102414,317414
BDL,2026-09-28,1140.0,1140.0,2909,15363,22269
BEL,2026-09-28,393.45,393.55,23548,147031,579492
BERGEPAINT,2026-09-28,458.0,458.35,1335,11793,21883
BHARATFORG,2026-09-28,1980.1,2008.0,3034,4845,14902
BHARTIARTL,2026-09-28,1772.0,1785.4,146918,42664,49315
BHARTIHEXA,2026-09-28,1475.2,1481.8,106,2018,10642
BHEL,2026-09-28,416.85,418.95,21266,40463,135008
BIOCON,2026-09-28,380.65,382.15,2400,20569,38604
BLUESTARCO,2026-09-28,1585.7,1565.0,9477,18710,15300
BOSCHLTD,2026-09-28,48010.0,48250.0,20,398,754
BPCL,2026-09-28,306.95,308.5,5556,71576,170978
BRITANNIA,2026-09-28,4933.0,4937.5,157,1477,3004
BSE,2026-09-28,3180.0,3191.5,8037,29519,102923
CANBK,2026-09-28,124.68,124.99,24076,298561,750658
CGPOWER,2026-09-28,881.6,886.0,4517,19192,82214
CHOLAFIN,2026-09-28,1655.0,1662.7,1091,4912,5062
CIPLA,2026-09-28,1399.7,1399.7,1287,4477,16832
COALINDIA,2026-09-28,426.4,426.1,41356,112743,198871
COCHINSHIP,2026-09-28,1370.2,1377.0,1129,8187,104076
COFORGE,2026-09-28,1786.0,1784.0,2458,4646,22699
COLPAL,2026-09-28,1852.3,1855.8,620,3842,11433
CONCOR,2026-09-28,460.4,461.5,3913,20928,27507
COROMANDEL,2026-09-28,1942.5,1963.9,99,3920,4281
CRISIL,2026-09-28,4500.5,4520.0,40,1980,2462
CUMMINSIND,2026-09-28,4940.0,4945.0,260,1114,2233
DABUR,2026-09-28,386.5,385.6,2608,25351,57773
DALBHARAT,2026-09-28,1692.0,1700.2,383,2400,6739
DIVISLAB,2026-09-28,9600.0,9619.5,920,1941,3854
DIXON,2026-09-28,13325.0,13390.0,992,2241,3590
DLF,2026-09-28,680.0,683.0,9013,10075,81632
DMART,2026-09-28,3815.0,3834.2,667,2507,12085
DRREDDY,2026-09-28,1211.6,1201.0,29054,18654,35551
EICHERMOT,2026-09-28,7323.0,7360.0,473,1880,2672
ENDURANCE,2026-09-28,2646.0,2645.9,253,553,4325
ENRIN,2026-09-28,3333.0,3313.0,1364,9933,30914
ESCORTS,2026-09-28,2844.0,2855.7,268,1392,7000
ETERNAL,2026-09-28,335.05,335.0,67544,102566,307408
EXIDEIND,2026-09-28,422.0,423.65,3700,24728,54979
FEDERALBNK,2026-09-28,322.3,322.0,14554,37696,120370
FLUOROCHEM,2026-09-28,4441.4,4441.4,71,2879,7762
FORTIS,2026-09-28,831.0,837.85,21992,13609,17075
GAIL,2026-09-28,172.7,172.7,5439,62419,297893
GICRE,2026-09-28,339.0,337.5,1708,33439,117722
GLAXO,2026-09-28,2814.2,2815.7,25,1464,2797
GLENMARK,2026-09-28,2380.0,2380.0,448,3909,4064
GMRAIRPORT,2026-09-28,97.5,97.95,39432,167510,422054
GODFRYPHLP,2026-09-28,1961.7,1970.4,119,2867,7122
GODREJCP,2026-09-28,872.0,880.0,1110,17582,25593
GODREJIND,2026-09-28,1100.0,1105.3,208,2059,5484
GODREJPROP,2026-09-28,1708.0,1700.1,3485,8263,18516
GRASIM,2026-09-28,3186.0,3191.0,204,1528,12064
GROWW,2026-09-28,186.75,187.06,37610,216811,1481385
GVT&D,2026-09-28,4307.0,4280.0,1489,4413,14508
HAL,2026-09-28,4790.1,4800.0,1523,6620,22183
HAVELLS,2026-09-28,1099.9,1096.5,953,7124,20527
HCLTECH,2026-09-28,1252.0,1258.0,3690,12187,29632
HDBFS,2026-09-28,650.0,648.15,512,17985,86634
HDFCAMC,2026-09-28,2362.0,2378.0,1027,5297,11392
HDFCBANK,2026-09-28,731.6,735.6,254069,749315,490130
HDFCLIFE,2026-09-28,531.0,531.0,4199,26674,29254
HEROMOTOCO,2026-09-28,5360.0,5360.0,586,1378,6154
HEXT,2026-09-28,498.0,496.7,178,3717,5103
HINDALCO,2026-09-28,972.0,977.0,9325,26454,34141
HINDPETRO,2026-09-28,349.0,351.0,5778,42185,142152
HINDUNILVR,2026-09-28,1932.1,1942.9,2975,13953,24784
HINDZINC,2026-09-28,576.25,588.95,52521,33316,157388
HONAUT,2026-09-28,33830.0,33865.0,2,113,263
HUDCO,2026-09-28,173.25,173.99,5958,38441,153823
HYUNDAI,2026-09-28,2105.0,2115.0,1305,4224,13064
ICICIAMC,2026-09-28,3170.1,3184.6,223,5163,10500
ICICIBANK,2026-09-28,1321.1,1326.8,68402,94548,60819
ICICIGI,2026-09-28,1544.0,1553.7,675,2868,8527
ICICIPRULI,2026-09-28,458.6,463.0,2151,18224,19827
IDEA,2026-09-28,14.22,14.26,1324370,10262998,14365989
IDFCFIRSTB,2026-09-28,83.25,83.8,43337,202809,582707
INDHOTEL,2026-09-28,722.6,726.8,1561,16247,47088
INDIANB,2026-09-28,830.0,832.0,2427,5013,40705
INDIGO,2026-09-28,4933.0,4940.0,1292,2449,5009
INDUSINDBK,2026-09-28,912.2,912.2,1073,16649,20344
INDUSTOWER,2026-09-28,373.5,374.65,6451,19237,111069
INFY,2026-09-28,1002.0,1000.2,26061,212419,120673
IOC,2026-09-28,135.02,135.7,37842,163051,348128
IPCALAB,2026-09-28,1956.0,1970.8,155,3198,11448
IRCTC,2026-09-28,458.7,458.7,4308,45361,77035
IREDA,2026-09-28,113.26,113.22,19069,117837,200856
IRFC,2026-09-28,79.95,79.95,49713,146578,446541
ITC,2026-09-28,269.0,269.0,40584,221940,621612
ITCHOTELS,2026-09-28,161.61,161.9,12819,121286,258793
JINDALSTEL,2026-09-28,1160.0,1164.8,448,5064,15681
JIOFIN,2026-09-28,227.0,227.0,53868,253731,464376
JKCEMENT,2026-09-28,4975.0,5000.0,90,662,1608
JSL,2026-09-28,752.75,748.25,3590,15589,21312
JSWENERGY,2026-09-28,506.4,506.55,2488,13034,16328
JSWINFRA,2026-09-28,362.95,362.05,11160,20962,139051
JSWSTEEL,2026-09-28,1278.4,1277.0,4064,7920,23260
JUBLFOOD,2026-09-28,484.5,484.55,1270,3257,18306
KALYANKJIL,2026-09-28,573.0,573.0,8299,24802,102705
KEI,2026-09-28,4653.0,4673.5,161,6115,13406
KOTAKBANK,2026-09-28,402.0,404.0,27298,36343,133466
KPITTECH,2026-09-28,519.0,519.4,3240,23868,62488
KPRMILL,2026-09-28,1106.3,1106.4,43,1544,8517
LAURUSLABS,2026-09-28,2000.0,2007.0,5332,8950,16944
LENSKART,2026-09-28,680.0,680.25,6416,101519,34039
LGEINDIA,2026-09-28,1739.9,1725.4,3558,15205,31392
LICHSGFIN,2026-09-28,568.0,566.0,1302,14663,57977
LICI,2026-09-28,408.0,409.05,12300,77121,232980
LINDEINDIA,2026-09-28,6200.0,6142.5,72,1169,2327
LLOYDSME,2026-09-28,1834.9,1838.0,595,17233,123471
LODHA,2026-09-28,1164.0,1165.0,2584,4980,11857
LT,2026-09-28,3857.0,3876.2,3417,11753,37086
LTF,2026-09-28,282.75,284.0,8974,58037,165182
LTM,2026-09-28,4098.9,4083.0,269,4389,11619
LTTS,2026-09-28,3221.0,3206.1,88,1586,2712
LUPIN,2026-09-28,2087.9,2092.0,499,2293,16192
M&M,2026-09-28,3017.3,3035.0,9376,12792,30767
M&MFIN,2026-09-28,333.0,333.1,769,18456,22981
MAHABANK,2026-09-28,84.5,84.88,41866,145840,670157
MANKIND,2026-09-28,2474.9,2474.9,494,1418,7424
MARICO,2026-09-28,815.0,819.0,877,3006,16858
MARUTI,2026-09-28,12065.0,12065.0,834,2712,5810
MAXHEALTH,2026-09-28,1014.0,1014.0,3913,9448,20450
MAZDOCK,2026-09-28,2195.0,2199.6,1640,12453,16218
MCX,2026-09-28,3310.0,3324.9,2832,18816,39486
MEDANTA,2026-09-28,1490.0,1495.4,72,1972,5767
MFSL,2026-09-28,1452.0,1458.0,1152,5882,7510
MOTHERSON,2026-09-28,165.0,165.71,49542,128406,257579
MOTILALOFS,2026-09-28,1028.9,1029.0,896,3795,36988
MPHASIS,2026-09-28,2241.3,2234.0,498,4641,3913
MRF,2026-09-28,124005.0,124035.0,13,153,261
MUTHOOTFIN,2026-09-28,2792.0,2835.0,7021,53049,11554
NAM-INDIA,2026-09-28,1155.0,1157.0,268,12590,15732
NATIONALUM,2026-09-28,354.05,358.7,55736,34409,80452
NAUKRI,2026-09-28,1250.8,1254.8,424,3837,9878
NESTLEIND,2026-09-28,1350.0,1362.6,8099,11798,8504
NHPC,2026-09-28,75.6,76.0,27501,148936,525392
NIACL,2026-09-28,178.3,176.6,8679,39903,173521
NLCINDIA,2026-09-28,261.65,262.55,1013,30540,115286
NMDC,2026-09-28,80.7,79.9,202722,366421,711122
NTPC,2026-09-28,326.6,326.6,7717,72430,105063
NTPCGREEN,2026-09-28,93.01,93.47,26846,69135,323313
NYKAA,2026-09-28,332.1,333.7,2796,18970,40497
OBEROIRLTY,2026-09-28,1854.9,1858.5,146,1676,10180
OFSS,2026-09-28,10749.0,10770.0,608,2270,6139
OIL,2026-09-28,476.0,475.15,6767,13785,36434
ONGC,2026-09-28,235.85,235.86,22299,213948,498797
PAGEIND,2026-09-28,37350.0,37695.0,16,237,536
PATANJALI,2026-09-28,400.5,403.95,4534,26006,58281
PAYTM,2026-09-28,1668.0,1674.0,7186,12151,39239
PERSISTENT,2026-09-28,5372.0,5372.0,464,1484,10574
PETRONET,2026-09-28,286.95,286.5,4121,28153,60316
PFC,2026-09-28,338.3,338.0,11501,131059,116113
PHOENIXLTD,2026-09-28,1973.1,1978.4,273,608,6191
PIDILITIND,2026-09-28,1508.0,1517.2,907,3089,6595
PIIND,2026-09-28,2398.4,2400.0,137,3154,4779
PNB,2026-09-28,116.55,116.6,21273,174091,362962
POLICYBZR,2026-09-28,1180.0,1166.0,109913,94766,344976
POLYCAB,2026-09-28,8400.0,8408.5,204,1501,8364
POWERGRID,2026-09-28,269.9,269.5,56874,88924,291873
POWERINDIA,2026-09-28,30995.0,31035.0,171,573,1802
PREMIERENE,2026-09-28,892.0,896.4,862,8426,14106
PRESTIGE,2026-09-28,1465.2,1477.8,1521,1909,7466
RADICO,2026-09-28,4545.0,4557.1,891,1068,5548
RECLTD,2026-09-28,310.1,312.95,4858,55686,123199
RELIANCE,2026-09-28,1218.0,1226.0,173300,152205,264823
RVNL,2026-09-28,206.06,207.0,13510,62213,245113
SAIL,2026-09-28,185.71,185.0,51202,126268,428804
SBICARD,2026-09-28,608.55,611.2,581,26784,14609
SBILIFE,2026-09-28,1742.0,1742.0,392,3034,7767
SBIN,2026-09-28,980.1,983.0,22079,52776,206724
SCHAEFFLER,2026-09-28,4002.0,4007.7,90,2278,1514
SHREECEM,2026-09-28,22305.0,22520.0,21,297,201
SHRIRAMFIN,2026-09-28,990.0,994.1,11794,13337,41324
SIEMENS,2026-09-28,3860.2,3877.0,140,699,4531
SJVN,2026-09-28,61.76,61.76,16840,122518,721170
SOLARINDS,2026-09-28,19750.0,19745.0,257,1612,3687
SRF,2026-09-28,2527.3,2540.0,98,1687,10678
SUNDARMFIN,2026-09-28,4508.0,4508.0,30,576,1384
SUNPHARMA,2026-09-28,1844.0,1852.2,3009,10302,25392
SUPREMEIND,2026-09-28,3560.6,3550.0,619,1559,4894
SUZLON,2026-09-28,40.8,40.8,274091,1927002,1951293
SWIGGY,2026-09-28,266.0,264.85,26570,118958,195591
TATACAP,2026-09-28,338.35,339.15,2743,30127,73061
TATACOMM,2026-09-28,1660.0,1666.5,197,1300,6048
TATACONSUM,2026-09-28,983.2,983.2,1017,10379,9548
TATAELXSI,2026-09-28,3190.0,3186.9,574,6663,5406
TATAINVEST,2026-09-28,650.0,651.6,1276,14869,35605
TATAPOWER,2026-09-28,365.9,367.5,8896,36225,193106
TATASTEEL,2026-09-28,187.55,187.97,145291,472122,917571
TCS,2026-09-28,2100.0,2082.0,22773,39650,45487
TECHM,2026-09-28,1548.0,1548.0,4993,8392,23519
THERMAX,2026-09-28,3451.9,3447.2,362,2623,2225
TIINDIA,2026-09-28,2508.0,2511.1,350,3689,2053
TITAN,2026-09-28,4881.0,4884.0,939,5370,5845
TMCV,2026-09-28,441.5,441.5,13208,46494,217207
TMPV,2026-09-28,290.45,290.45,30780,140845,441632
TORNTPHARM,2026-09-28,4980.0,4988.5,281,1494,5153
TORNTPOWER,2026-09-28,1255.9,1254.6,975,4645,9212
TRENT,2026-09-28,2660.0,2669.3,736,6681,10394
TVSMOTOR,2026-09-28,4140.0,4157.3,1219,1793,9203
UBL,2026-09-28,1258.8,1251.3,288,2503,11981
ULTRACEMCO,2026-09-28,11155.0,11155.0,116,1610,2409
UNIONBANK,2026-09-28,178.6,180.2,5248,126058,237243
UNITDSPR,2026-09-28,1420.1,1423.8,504,3235,8318
UNOMINDA,2026-09-28,1211.5,1218.0,717,3510,10002
UPL,2026-09-28,550.05,550.05,558,11018,424699
VBL,2026-09-28,433.0,434.8,19618,44539,163731
VEDL,2026-09-28,264.0,266.35,82484,129902,350177
VMM,2026-09-28,103.99,103.5,27995,124790,533971
VOLTAS,2026-09-28,1124.9,1118.2,5604,12917,23355
WAAREEENER,2026-09-28,2494.9,2495.0,2301,7521,24801
WIPRO,2026-09-28,164.02,164.02,27714,223893,368727
YESBANK,2026-09-28,22.38,22.5,153655,959943,4478622
ZYDUSLIFE,2026-09-28,1210.7,1203.9,13944,22913,19898
