run_at,horizon,round,period,days,avg_day_pnl,win_days,accuracy,random,ic,adopted
2026-09-25T16:44:45,intraday,1,2026-04-06 to 2026-09-25,64,13.030243999910835,0.484375,0.6875,0.5,0.017323459728809,0
2026-09-25T16:44:45,intraday,2,2026-04-06 to 2026-09-25,58,-200.264835503262,0.3275862068965517,0.603448275862069,0.5,0.0231087278477636,0
2026-09-25T16:44:45,intraday,3,2026-04-06 to 2026-09-25,59,-154.4966404068761,0.3898305084745763,0.6186440677966102,0.5,0.0204750562335339,0
2026-09-25T16:44:45,intraday_close,1,2026-04-06 to 2026-09-25,57,-373.3176137543868,0.2105263157894736,0.5297619047619048,0.4994463299705235,0.0444402284369015,0
2026-09-25T16:44:45,intraday_close,2,2026-04-06 to 2026-09-25,47,-413.26092544680927,0.1276595744680851,0.5126353790613718,0.4988924552828128,0.0378010851062196,0
2026-09-25T16:44:45,intraday_close,3,2026-04-06 to 2026-09-25,46,-442.2107867608706,0.1304347826086956,0.5147058823529411,0.4984197907585004,0.0414999594595205,0
2026-09-25T20:34:31,intraday,1,2026-04-06 to 2026-09-25,47,-411.52952952602766,0.0,0.5089285714285714,0.5006457845433255,0.0236475212601179,0
2026-09-25T20:34:31,intraday,2,2026-04-06 to 2026-09-25,40,-396.74931249999656,0.0,0.5223097112860893,0.5012685053712549,0.0221425029801818,0
2026-09-25T20:34:31,intraday,3,2026-04-06 to 2026-09-25,43,-388.4600662790664,0.0,0.5099502487562189,0.5034544762526166,0.0228271030533944,1
2026-09-25T20:34:31,intraday_close,1,2026-04-06 to 2026-09-25,53,-376.1184981132069,0.2641509433962264,0.4855769230769231,0.507733571818147,0.0372179259469094,0
2026-09-25T20:34:31,intraday_close,2,2026-04-06 to 2026-09-25,50,-308.32071090878287,0.26,0.5125628140703518,0.5071431583242502,0.0398293320412226,0
2026-09-25T20:34:31,intraday_close,3,2026-04-06 to 2026-09-25,49,-355.86549183673463,0.2244897959183673,0.520618556701031,0.5101556769470793,0.040107356824556,1
2026-09-25T23:15:55,intraday,1,2026-04-06 to 2026-09-25,40,-354.2837024999987,0.175,0.5064935064935064,0.5069660514923673,0.0248291785177166,0
2026-09-25T23:15:55,intraday,2,2026-04-06 to 2026-09-25,39,-317.925208974358,0.1794871794871795,0.5266666666666666,0.5169473684210525,0.0232380309998555,0
2026-09-25T23:15:55,intraday,3,2026-04-06 to 2026-09-25,38,-364.2648013157885,0.131578947368421,0.5102040816326531,0.5171142141066953,0.0219079815178427,0
2026-09-25T23:15:55,intraday_close,1,2026-04-06 to 2026-09-25,51,-494.3434749938363,0.2549019607843137,0.535,0.5032377597840756,0.0345373670292001,0
2026-09-25T23:15:55,intraday_close,2,2026-04-06 to 2026-09-25,40,-450.6849049999999,0.3,0.5253164556962026,0.4989802012333658,0.0309349733622631,0
2026-09-25T23:15:55,intraday_close,3,2026-04-06 to 2026-09-25,40,-444.6946100000004,0.275,0.5222929936305732,0.4929171286864884,0.0323666106432221,0
2026-09-26T18:40:10,intraday,1,2026-04-06 to 2026-09-25,57,-407.0153114739784,0.087719298245614,0.5211009174311927,0.5000238458420839,0.0283200656049559,0
2026-09-26T18:40:10,intraday,2,2026-04-06 to 2026-09-25,44,-454.4721031600254,0.1136363636363636,0.4761904761904761,0.4994976094855612,0.0270260508614884,0
2026-09-26T18:40:10,intraday,3,2026-04-06 to 2026-09-25,41,-415.2750009522224,0.0975609756097561,0.519280205655527,0.5002390642260559,0.0278249042312234,0
2026-09-26T18:40:10,intraday_close,1,2026-04-06 to 2026-09-25,45,-348.7735475384885,0.2222222222222222,0.5671981776765376,0.5016072673381453,0.0427778822768425,0
2026-09-26T18:40:10,intraday_close,2,2026-04-06 to 2026-09-25,48,-366.00847491559176,0.1666666666666666,0.535181236673774,0.5006942225190741,0.0431018147220623,0
2026-09-26T18:40:10,intraday_close,3,2026-04-06 to 2026-09-25,46,-354.0677173032261,0.1521739130434782,0.5478841870824054,0.5015714707381866,0.0421625028600219,0
2026-09-28T06:06:20,intraday,1,2026-04-07 to 2026-09-28,51,-397.6663890008056,0.0784313725490196,0.5255623721881391,0.4987995827892346,0.0227209947395228,0
2026-09-28T06:06:20,intraday,2,2026-04-07 to 2026-09-28,29,-422.73257720831367,0.1034482758620689,0.4856115107913669,0.4980179711652364,0.0251517366157504,0
2026-09-28T06:06:20,intraday,3,2026-04-07 to 2026-09-28,26,-441.93607073235006,0.1153846153846153,0.4758064516129032,0.4981491773545796,0.0253155593563817,0
2026-09-28T06:06:20,intraday_close,1,2026-04-07 to 2026-09-28,49,-378.27805135515086,0.2040816326530612,0.5494736842105263,0.5014601902346227,0.0416365393916008,0
2026-09-28T06:06:20,intraday_close,2,2026-04-07 to 2026-09-28,28,-376.318982728657,0.2142857142857142,0.5276752767527675,0.5015852042857778,0.0409581978337713,0
2026-09-28T06:06:20,intraday_close,3,2026-04-07 to 2026-09-28,36,-356.33856712228874,0.25,0.54,0.5018445438898451,0.0407540648175426,0
2026-09-28T16:20:08,intraday,1,2026-04-07 to 2026-09-28,38,-448.65340365897714,0.1578947368421052,0.4917127071823204,0.5008977789611484,0.0255262818288147,0
2026-09-28T16:20:08,intraday,2,2026-04-07 to 2026-09-28,32,-454.811848095035,0.15625,0.4885245901639344,0.4992557245374942,0.0261419156017476,0
2026-09-28T16:20:08,intraday,3,2026-04-07 to 2026-09-28,33,-445.6881526982156,0.1515151515151515,0.492063492063492,0.4992793523299547,0.0253744535005731,1
2026-09-28T16:20:08,intraday_close,1,2026-04-07 to 2026-09-28,31,-338.4677682772022,0.1935483870967742,0.5254237288135594,0.5008053910557484,0.0444822712096154,0
2026-09-28T16:20:08,intraday_close,2,2026-04-07 to 2026-09-28,31,-326.9247037610731,0.1935483870967742,0.5472972972972973,0.5019242917616412,0.043299900433374,0
2026-09-28T16:20:08,intraday_close,3,2026-04-07 to 2026-09-28,31,-350.3545650513957,0.1935483870967742,0.5306122448979592,0.5019373821817884,0.0433119006909043,0
2026-09-28T21:27:23,intraday,1,2026-04-07 to 2026-09-28,29,-404.126011691073,0.1034482758620689,0.5241635687732342,0.4990817694570101,0.0234402312355909,0
2026-09-28T21:27:23,intraday,2,2026-04-07 to 2026-09-28,29,-431.793459966935,0.1034482758620689,0.5186567164179104,0.4981828208355812,0.0233370540862507,0
2026-09-28T21:27:23,intraday,3,2026-04-07 to 2026-09-28,30,-424.9507479680371,0.1,0.5215827338129496,0.4982481869925746,0.0228822002173948,0
2026-09-28T21:27:23,intraday_close,1,2026-04-07 to 2026-09-28,32,-310.8783130185396,0.25,0.545751633986928,0.5007764390896922,0.0425120172391728,0
2026-09-28T21:27:23,intraday_close,2,2026-04-07 to 2026-09-28,27,-313.9918524664174,0.2962962962962963,0.5461538461538461,0.5012061167747915,0.0425945399200175,0
2026-09-28T21:27:23,intraday_close,3,2026-04-07 to 2026-09-28,28,-312.52278630690245,0.2857142857142857,0.550185873605948,0.5013293321986833,0.042129828403434,0
2026-09-28T23:21:31,intraday,1,2026-04-07 to 2026-09-28,25,-372.4882615616445,0.24,0.5427350427350427,0.4995939999313493,0.0249856880337638,0
2026-09-28T23:21:31,intraday,2,2026-04-07 to 2026-09-28,24,-360.4597932933793,0.1666666666666666,0.5267857142857143,0.5001651606425702,0.0243256269228736,0
2026-09-28T23:21:31,intraday,3,2026-04-07 to 2026-09-28,24,-400.7994766267128,0.1666666666666666,0.5132743362831859,0.5003937875395387,0.0239461604909519,0
2026-09-28T23:21:31,intraday_close,1,2026-04-07 to 2026-09-28,27,-349.0599331832741,0.2592592592592592,0.5447470817120622,0.5018583282546528,0.0420883083213229,0
2026-09-28T23:21:31,intraday_close,2,2026-04-07 to 2026-09-28,27,-359.50972947957047,0.2592592592592592,0.5366795366795367,0.5021374145229567,0.0415169168477856,0
2026-09-28T23:21:31,intraday_close,3,2026-04-07 to 2026-09-28,27,-346.4804887388297,0.2592592592592592,0.5465116279069767,0.5017270944242085,0.0418349893461351,1
2026-09-29T19:57:03,intraday,1,2026-04-08 to 2026-09-29,25,-359.8752615616446,0.24,0.5512820512820513,0.4995939999313493,0.025463776172901,0
2026-09-29T19:57:03,intraday,2,2026-04-08 to 2026-09-29,24,-360.3769016267127,0.1666666666666666,0.5515695067264574,0.5001479640535236,0.0243894787916554,0
2026-09-29T19:57:03,intraday,3,2026-04-08 to 2026-09-29,22,-390.4761563200505,0.1818181818181818,0.5463414634146342,0.5004146145557842,0.0251783343503504,0
2026-09-29T19:57:03,intraday_close,1,2026-04-08 to 2026-09-29,26,-398.67596907493856,0.1923076923076923,0.5201612903225806,0.5005870579090556,0.0411651706570746,0
2026-09-29T19:57:03,intraday_close,2,2026-04-08 to 2026-09-29,30,-349.4043465316133,0.2333333333333333,0.5261324041811847,0.5016640779144452,0.041326139610034,0
2026-09-29T19:57:03,intraday_close,3,2026-04-08 to 2026-09-29,27,-342.22209984994083,0.2592592592592592,0.5408560311284046,0.5018583282546528,0.0410252771334379,1
2026-09-29T21:48:33,intraday,1,2026-04-08 to 2026-09-29,26,-395.8643784246581,0.0384615384615384,0.5333333333333333,0.5022,0.0237998543883692,0
2026-09-29T21:48:33,intraday,2,2026-04-08 to 2026-09-29,21,-379.26757804957634,0.0476190476190476,0.5520833333333334,0.5012500000000001,0.0227441449681625,0
2026-09-29T21:48:33,intraday,3,2026-04-08 to 2026-09-29,22,-369.6492790473228,0.0454545454545454,0.5472636815920398,0.5008358208955224,0.0226500090319462,1
2026-09-29T21:48:33,intraday_close,1,2026-04-08 to 2026-09-29,30,-374.08244986494697,0.1666666666666666,0.5292096219931272,0.4997305510702604,0.0398474355177672,0
2026-09-29T21:48:33,intraday_close,2,2026-04-08 to 2026-09-29,30,-387.8097498649469,0.2,0.5241379310344828,0.4994123805567096,0.0393470562857197,0
2026-09-29T21:48:33,intraday_close,3,2026-04-08 to 2026-09-29,31,-386.47109664349694,0.1935483870967742,0.5233333333333333,0.4994319678714859,0.0394704888022444,0
2026-09-30T15:03:26,intraday,1,2026-04-09 to 2026-09-30,22,-440.82253813823246,0.0454545454545454,0.5502392344497608,0.5019269078249213,0.0282392480247251,0
2026-09-30T15:03:26,intraday,2,2026-04-09 to 2026-09-30,20,-431.4317269520558,0.05,0.5555555555555556,0.5021308134148601,0.0291009196932654,0
2026-09-30T15:03:26,intraday,3,2026-04-09 to 2026-09-30,20,-431.4317269520558,0.05,0.5555555555555556,0.5021308134148601,0.0286432804987298,1
2026-09-30T15:03:26,intraday_close,1,2026-04-09 to 2026-09-30,39,-364.6167810224836,0.1794871794871795,0.5201072386058981,0.5003506691121892,0.0453163391740099,0
2026-09-30T15:03:26,intraday_close,2,2026-04-09 to 2026-09-30,27,-379.5475688843281,0.1851851851851851,0.5230769230769231,0.5013378993938941,0.0416764356862009,0
2026-09-30T15:03:26,intraday_close,3,2026-04-09 to 2026-09-30,27,-380.75064295840224,0.1851851851851851,0.5230769230769231,0.5013378993938941,0.0409750918818778,0
2026-09-30T17:09:28,intraday,1,2026-04-09 to 2026-09-30,30,-360.7645113013701,0.1,0.5618374558303887,0.5005158650347852,0.0258777410137901,0
2026-09-30T17:09:28,intraday,2,2026-04-09 to 2026-09-30,21,-364.1383351924334,0.1428571428571428,0.583756345177665,0.5008394398467282,0.0266659034656732,0
2026-09-30T17:09:28,intraday,3,2026-04-09 to 2026-09-30,21,-364.1383351924334,0.1428571428571428,0.583756345177665,0.5008394398467282,0.0258460016071424,0
2026-09-30T17:09:28,intraday_close,1,2026-04-09 to 2026-09-30,46,-371.3033599973231,0.1304347826086956,0.5292792792792793,0.501348980310337,0.0435081758504216,0
2026-09-30T17:09:28,intraday_close,2,2026-04-09 to 2026-09-30,32,-359.23863624615194,0.25,0.5227272727272727,0.5013315280901006,0.0423423282514402,0
2026-09-30T17:09:28,intraday_close,3,2026-04-09 to 2026-09-30,29,-387.9377986164434,0.2413793103448276,0.5071942446043165,0.5014752181717661,0.0421836413572204,0
2026-09-30T19:46:14,intraday,1,2026-04-09 to 2026-09-30,37,-354.99731186597563,0.1081081081081081,0.5673352435530086,0.5000716051488985,0.0283537544604086,0
2026-09-30T19:46:14,intraday,2,2026-04-09 to 2026-09-30,34,-347.9314864423857,0.0588235294117647,0.554858934169279,0.5002624858793281,0.0273915603553702,0
2026-09-30T19:46:14,intraday,3,2026-04-09 to 2026-09-30,34,-344.510701148268,0.088235294117647,0.559748427672956,0.5006242735463007,0.0273304182325079,0
2026-09-30T19:46:14,intraday_close,1,2026-04-09 to 2026-09-30,46,-342.3877621712357,0.1739130434782608,0.5578231292517006,0.5013278912684631,0.0454349330038422,0
2026-09-30T19:46:14,intraday_close,2,2026-04-09 to 2026-09-30,32,-340.6362581211515,0.21875,0.545751633986928,0.4993769132612827,0.0432874953409759,0
2026-09-30T19:46:14,intraday_close,3,2026-04-09 to 2026-09-30,33,-330.48103146333455,0.2121212121212121,0.5474683544303798,0.4993966311960523,0.043107627445219,0
2026-09-30T20:57:32,intraday,1,2026-04-09 to 2026-09-30,34,-425.7698011482681,0.1176470588235294,0.5440251572327044,0.4989024822402403,0.0277940141395613,0
2026-09-30T20:57:32,intraday,2,2026-04-09 to 2026-09-30,32,-411.8524199700349,0.125,0.54,0.4978338561618356,0.0267569078059569,0
2026-09-30T20:57:32,intraday,3,2026-04-09 to 2026-09-30,28,-413.1499621086111,0.1428571428571428,0.5568181818181818,0.4981991494439463,0.027158341723194,1
2026-09-30T20:57:32,intraday_close,1,2026-04-09 to 2026-09-30,44,-377.9693081790194,0.2045454545454545,0.5344418052256532,0.4997051314908787,0.0431093526243839,0
2026-09-30T20:57:32,intraday_close,2,2026-04-09 to 2026-09-30,28,-400.95315213845873,0.2142857142857142,0.5148148148148148,0.5008502552629169,0.0431181862259806,0
2026-09-30T20:57:32,intraday_close,3,2026-04-09 to 2026-09-30,26,-391.2935215337248,0.2307692307692307,0.52,0.5009182756839501,0.043492424588386,0
2026-10-01T14:54:36,intraday,1,2026-04-10 to 2026-10-01,31,-340.7348431948748,0.1612903225806451,0.5694915254237288,0.5003165089234454,0.0297256775085648,0
2026-10-01T14:54:36,intraday,2,2026-04-10 to 2026-10-01,33,-353.18678300124566,0.1212121212121212,0.5619047619047619,0.500511194131681,0.0278634815929388,0
2026-10-01T14:54:36,intraday,3,2026-04-10 to 2026-10-01,32,-363.4504012200348,0.09375,0.5537459283387622,0.5004361380082534,0.0288122565054922,0
2026-10-01T14:54:36,intraday_close,1,2026-04-10 to 2026-10-01,48,-367.7097491601244,0.2083333333333333,0.5376344086021505,0.5001268409474289,0.0475302869482307,0
2026-10-01T14:54:36,intraday_close,2,2026-04-10 to 2026-10-01,33,-446.507598778363,0.1515151515151515,0.5061728395061729,0.5007373593397223,0.0439018897917996,0
2026-10-01T14:54:36,intraday_close,3,2026-04-10 to 2026-10-01,34,-441.8746752848817,0.1470588235294117,0.5149700598802395,0.5007152827127845,0.0436527881856808,0
2026-10-01T16:55:25,intraday,1,2026-04-10 to 2026-10-01,30,-380.1752279680373,0.0333333333333333,0.5543859649122806,0.499575466431288,0.02972983429981,0
2026-10-01T16:55:25,intraday,2,2026-04-10 to 2026-10-01,30,-333.4423813013702,0.1333333333333333,0.5815602836879432,0.4993747289859416,0.0277355295223281,0
2026-10-01T16:55:25,intraday,3,2026-04-10 to 2026-10-01,28,-291.3379621086109,0.1071428571428571,0.6022727272727273,0.498598011834936,0.0273900600440546,1
2026-10-01T16:55:25,intraday_close,1,2026-04-10 to 2026-10-01,46,-410.4190921325904,0.1304347826086956,0.5292792792792793,0.5013413715795358,0.0469840657721114,0
2026-10-01T16:55:25,intraday_close,2,2026-04-10 to 2026-10-01,32,-461.8892456151869,0.15625,0.5127388535031847,0.5007608421212422,0.0451718179614154,0
2026-10-01T16:55:25,intraday_close,3,2026-04-10 to 2026-10-01,35,-414.7998931338851,0.1714285714285714,0.5232558139534884,0.5006944896106688,0.045289641318994,0
2026-10-01T19:22:15,intraday,1,2026-04-10 to 2026-10-01,30,-380.1752279680373,0.0333333333333333,0.5543859649122806,0.499575466431288,0.02972983429981,0
2026-10-01T19:22:15,intraday,2,2026-04-10 to 2026-10-01,30,-333.4423813013702,0.1333333333333333,0.5815602836879432,0.4993747289859416,0.0277355295223281,0
2026-10-01T19:22:15,intraday,3,2026-04-10 to 2026-10-01,28,-291.3379621086109,0.1071428571428571,0.6022727272727273,0.498598011834936,0.0273900600440546,1
2026-10-01T19:22:15,intraday_close,1,2026-04-10 to 2026-10-01,46,-410.4190921325904,0.1304347826086956,0.5292792792792793,0.5013413715795358,0.0469840657721114,0
2026-10-01T19:22:15,intraday_close,2,2026-04-10 to 2026-10-01,32,-461.8892456151869,0.15625,0.5127388535031847,0.5007608421212422,0.0451718179614154,0
2026-10-01T19:22:15,intraday_close,3,2026-04-10 to 2026-10-01,35,-414.7998931338851,0.1714285714285714,0.5232558139534884,0.5006944896106688,0.045289641318994,0
2026-10-01T21:13:36,intraday,1,2026-04-10 to 2026-10-01,30,-380.1752279680373,0.0333333333333333,0.5543859649122806,0.499575466431288,0.02972983429981,0
2026-10-01T21:13:36,intraday,2,2026-04-10 to 2026-10-01,30,-333.4423813013702,0.1333333333333333,0.5815602836879432,0.4993747289859416,0.0277355295223281,0
2026-10-01T21:13:36,intraday,3,2026-04-10 to 2026-10-01,28,-291.3379621086109,0.1071428571428571,0.6022727272727273,0.498598011834936,0.0273900600440546,1
2026-10-01T21:13:36,intraday_close,1,2026-04-10 to 2026-10-01,46,-410.4190921325904,0.1304347826086956,0.5292792792792793,0.5013413715795358,0.0469840657721114,0
2026-10-01T21:13:36,intraday_close,2,2026-04-10 to 2026-10-01,32,-461.8892456151869,0.15625,0.5127388535031847,0.5007608421212422,0.0451718179614154,0
2026-10-01T21:13:36,intraday_close,3,2026-04-10 to 2026-10-01,35,-414.7998931338851,0.1714285714285714,0.5232558139534884,0.5006944896106688,0.045289641318994,0
2026-10-02T19:00:37,intraday,1,2026-04-10 to 2026-10-01,38,-364.02305365897655,0.0789473684210526,0.5614525139664804,0.5002209790160298,0.0297831628840365,0
2026-10-02T19:00:37,intraday,2,2026-04-10 to 2026-10-01,24,-287.15012662671273,0.1666666666666666,0.5859030837004405,0.4999109388842094,0.0310743780827795,0
2026-10-02T19:00:37,intraday,3,2026-04-10 to 2026-10-01,35,-354.68184397260325,0.1142857142857142,0.5375375375375375,0.4995784627265942,0.0295977563717957,0
2026-10-02T19:00:37,intraday_close,1,2026-04-10 to 2026-10-01,48,-325.67536374743446,0.2291666666666666,0.5374732334047109,0.5012372975336722,0.0476982035259503,0
2026-10-02T19:00:37,intraday_close,2,2026-04-10 to 2026-10-01,32,-371.08862374615165,0.15625,0.5176848874598071,0.5017553710044815,0.0452473358989531,0
2026-10-02T19:00:37,intraday_close,3,2026-04-10 to 2026-10-01,32,-363.63675187115166,0.15625,0.5080385852090032,0.5021506929760907,0.0450861114435916,0
2026-10-02T20:57:07,intraday,1,2026-04-10 to 2026-10-01,38,-364.02305365897655,0.0789473684210526,0.5614525139664804,0.5002209790160298,0.0297831628840365,0
2026-10-02T20:57:07,intraday,2,2026-04-10 to 2026-10-01,24,-287.15012662671273,0.1666666666666666,0.5859030837004405,0.4999109388842094,0.0310743780827795,0
2026-10-02T20:57:07,intraday,3,2026-04-10 to 2026-10-01,35,-354.68184397260325,0.1142857142857142,0.5375375375375375,0.4995784627265942,0.0295977563717957,0
2026-10-02T20:57:07,intraday_close,1,2026-04-10 to 2026-10-01,48,-325.67536374743446,0.2291666666666666,0.5374732334047109,0.5012372975336722,0.0476982035259503,0
2026-10-02T20:57:07,intraday_close,2,2026-04-10 to 2026-10-01,32,-371.08862374615165,0.15625,0.5176848874598071,0.5017553710044815,0.0452473358989531,0
2026-10-02T20:57:07,intraday_close,3,2026-04-10 to 2026-10-01,32,-363.63675187115166,0.15625,0.5080385852090032,0.5021506929760907,0.0450861114435916,0
2026-10-03T13:52:30,intraday,1,2026-04-10 to 2026-10-01,34,-340.4764835012093,0.0588235294117647,0.575,0.499944410196664,0.0295747062994904,0
2026-10-03T13:52:30,intraday,2,2026-04-10 to 2026-10-01,34,-346.2933364423856,0.088235294117647,0.5625,0.4994198535954514,0.0286323101795533,0
2026-10-03T13:52:30,intraday,3,2026-04-10 to 2026-10-01,32,-340.19020122003474,0.0625,0.5610561056105611,0.4997326875027563,0.0274901790908605,0
2026-10-03T13:52:30,intraday_close,1,2026-04-10 to 2026-10-01,43,-357.9061572064386,0.1627906976744186,0.5323741007194245,0.5005968909380685,0.045491322986157,0
2026-10-03T13:52:30,intraday_close,2,2026-04-10 to 2026-10-01,29,-415.8578882716157,0.1724137931034483,0.5231316725978647,0.5007408118960051,0.0451407044675145,0
2026-10-03T13:52:30,intraday_close,3,2026-04-10 to 2026-10-01,29,-401.1365572371328,0.1724137931034483,0.5160142348754448,0.5007408118960051,0.045422010692547,0
2026-10-03T16:58:24,intraday,1,2026-04-10 to 2026-10-01,34,-340.4764835012093,0.0588235294117647,0.575,0.499944410196664,0.0295747062994904,0
2026-10-03T16:58:24,intraday,2,2026-04-10 to 2026-10-01,34,-346.2933364423856,0.088235294117647,0.5625,0.4994198535954514,0.0286323101795533,0
2026-10-03T16:58:24,intraday,3,2026-04-10 to 2026-10-01,32,-340.19020122003474,0.0625,0.5610561056105611,0.4997326875027563,0.0274901790908605,0
2026-10-03T16:58:24,intraday_close,1,2026-04-10 to 2026-10-01,43,-357.9061572064386,0.1627906976744186,0.5323741007194245,0.5005968909380685,0.045491322986157,0
2026-10-03T16:58:24,intraday_close,2,2026-04-10 to 2026-10-01,29,-415.8578882716157,0.1724137931034483,0.5231316725978647,0.5007408118960051,0.0451407044675145,0
2026-10-03T16:58:24,intraday_close,3,2026-04-10 to 2026-10-01,29,-401.1365572371328,0.1724137931034483,0.5160142348754448,0.5007408118960051,0.045422010692547,0
2026-10-03T18:48:07,intraday,1,2026-04-10 to 2026-10-01,34,-340.4764835012093,0.0588235294117647,0.575,0.499944410196664,0.0295747062994904,0
2026-10-03T18:48:07,intraday,2,2026-04-10 to 2026-10-01,34,-346.2933364423856,0.088235294117647,0.5625,0.4994198535954514,0.0286323101795533,0
2026-10-03T18:48:07,intraday,3,2026-04-10 to 2026-10-01,32,-340.19020122003474,0.0625,0.5610561056105611,0.4997326875027563,0.0274901790908605,0
2026-10-03T18:48:07,intraday_close,1,2026-04-10 to 2026-10-01,43,-357.9061572064386,0.1627906976744186,0.5323741007194245,0.5005968909380685,0.045491322986157,0
2026-10-03T18:48:07,intraday_close,2,2026-04-10 to 2026-10-01,29,-415.8578882716157,0.1724137931034483,0.5231316725978647,0.5007408118960051,0.0451407044675145,0
2026-10-03T18:48:07,intraday_close,3,2026-04-10 to 2026-10-01,29,-401.1365572371328,0.1724137931034483,0.5160142348754448,0.5007408118960051,0.045422010692547,0
2026-10-03T20:47:41,intraday,1,2026-04-10 to 2026-10-01,34,-340.4764835012093,0.0588235294117647,0.575,0.499944410196664,0.0295747062994904,0
2026-10-03T20:47:41,intraday,2,2026-04-10 to 2026-10-01,34,-346.2933364423856,0.088235294117647,0.5625,0.4994198535954514,0.0286323101795533,0
2026-10-03T20:47:41,intraday,3,2026-04-10 to 2026-10-01,32,-340.19020122003474,0.0625,0.5610561056105611,0.4997326875027563,0.0274901790908605,0
2026-10-03T20:47:41,intraday_close,1,2026-04-10 to 2026-10-01,43,-357.9061572064386,0.1627906976744186,0.5323741007194245,0.5005968909380685,0.045491322986157,0
2026-10-03T20:47:41,intraday_close,2,2026-04-10 to 2026-10-01,29,-415.8578882716157,0.1724137931034483,0.5231316725978647,0.5007408118960051,0.0451407044675145,0
2026-10-03T20:47:41,intraday_close,3,2026-04-10 to 2026-10-01,29,-401.1365572371328,0.1724137931034483,0.5160142348754448,0.5007408118960051,0.045422010692547,0
2026-10-04T14:09:43,intraday,1,2026-04-10 to 2026-10-01,44,-389.3222167963888,0.0454545454545454,0.562200956937799,0.5025498713590765,0.0292577578297247,0
2026-10-04T14:09:43,intraday,2,2026-04-10 to 2026-10-01,33,-380.2440557285184,0.0909090909090909,0.5559105431309904,0.502142983316098,0.0271302253278818,0
2026-10-04T14:09:43,intraday,3,2026-04-10 to 2026-10-01,35,-367.69524682974605,0.0857142857142857,0.5602409638554217,0.5013548901969292,0.0280968259886343,0
2026-10-04T14:09:43,intraday_close,1,2026-04-10 to 2026-10-01,47,-360.0750693590821,0.1063829787234042,0.5462555066079295,0.5011019792255065,0.0465079011415788,0
2026-10-04T14:09:43,intraday_close,2,2026-04-10 to 2026-10-01,30,-357.022561995895,0.2333333333333333,0.5208333333333334,0.5008304718566507,0.0471418632648733,0
2026-10-04T14:09:43,intraday_close,3,2026-04-10 to 2026-10-01,32,-401.11308937115166,0.1875,0.5146579804560261,0.5006401962078199,0.0477104154005177,0
2026-10-04T18:04:54,intraday,1,2026-04-10 to 2026-10-01,44,-389.3222167963888,0.0454545454545454,0.562200956937799,0.5025498713590765,0.0292577578297247,0
2026-10-04T18:04:54,intraday,2,2026-04-10 to 2026-10-01,33,-380.2440557285184,0.0909090909090909,0.5559105431309904,0.502142983316098,0.0271302253278818,0
2026-10-04T18:04:54,intraday,3,2026-04-10 to 2026-10-01,35,-367.69524682974605,0.0857142857142857,0.5602409638554217,0.5013548901969292,0.0280968259886343,0
2026-10-04T18:04:54,intraday_close,1,2026-04-10 to 2026-10-01,47,-360.0750693590821,0.1063829787234042,0.5462555066079295,0.5011019792255065,0.0465079011415788,0
2026-10-04T18:04:54,intraday_close,2,2026-04-10 to 2026-10-01,30,-357.022561995895,0.2333333333333333,0.5208333333333334,0.5008304718566507,0.0471418632648733,0
2026-10-04T18:04:54,intraday_close,3,2026-04-10 to 2026-10-01,32,-401.11308937115166,0.1875,0.5146579804560261,0.5006401962078199,0.0477104154005177,0
2026-10-04T20:07:31,intraday,1,2026-04-10 to 2026-10-01,44,-389.3222167963888,0.0454545454545454,0.562200956937799,0.5025498713590765,0.0292577578297247,0
2026-10-04T20:07:31,intraday,2,2026-04-10 to 2026-10-01,33,-380.2440557285184,0.0909090909090909,0.5559105431309904,0.502142983316098,0.0271302253278818,0
2026-10-04T20:07:31,intraday,3,2026-04-10 to 2026-10-01,35,-367.69524682974605,0.0857142857142857,0.5602409638554217,0.5013548901969292,0.0280968259886343,0
2026-10-04T20:07:31,intraday_close,1,2026-04-10 to 2026-10-01,47,-360.0750693590821,0.1063829787234042,0.5462555066079295,0.5011019792255065,0.0465079011415788,0
2026-10-04T20:07:31,intraday_close,2,2026-04-10 to 2026-10-01,30,-357.022561995895,0.2333333333333333,0.5208333333333334,0.5008304718566507,0.0471418632648733,0
2026-10-04T20:07:31,intraday_close,3,2026-04-10 to 2026-10-01,32,-401.11308937115166,0.1875,0.5146579804560261,0.5006401962078199,0.0477104154005177,0
2026-10-05T17:11:20,intraday,1,2026-04-13 to 2026-10-05,44,-372.6173647727284,0.2045454545454545,0.5675675675675675,0.5072872619248512,0.0304486029815349,0
2026-10-05T17:11:20,intraday,2,2026-04-13 to 2026-10-05,34,-360.1239205882366,0.1470588235294117,0.509090909090909,0.5031512299723321,0.0314312087251005,0
2026-10-05T17:11:20,intraday,3,2026-04-13 to 2026-10-05,33,-390.2213386363648,0.1818181818181818,0.4814814814814814,0.5017740420117279,0.02949149922005,0
2026-10-05T17:11:20,intraday_close,1,2026-04-13 to 2026-10-05,38,-390.7486489441277,0.1052631578947368,0.5313351498637602,0.5007217711391516,0.0489135608480801,0
2026-10-05T17:11:20,intraday_close,2,2026-04-13 to 2026-10-05,29,-426.0209193060985,0.1379310344827586,0.5052631578947369,0.5000122661956449,0.0469523448059703,0
2026-10-05T17:11:20,intraday_close,3,2026-04-13 to 2026-10-05,30,-433.65039866256194,0.1333333333333333,0.5016949152542373,0.5000118503924025,0.0476168510704636,0
2026-10-05T21:47:42,intraday,1,2026-04-13 to 2026-10-05,38,-388.82807734318686,0.1052631578947368,0.5512465373961218,0.5017447019956914,0.0304611904626125,0
2026-10-05T21:47:42,intraday,2,2026-04-13 to 2026-10-05,31,-388.63649158197126,0.1290322580645161,0.5540540540540541,0.5027981956710126,0.0307875067242328,0
2026-10-05T21:47:42,intraday,3,2026-04-13 to 2026-10-05,30,-384.7421546347037,0.1333333333333333,0.5614035087719298,0.5029469958792859,0.0306026450412478,1
2026-10-05T21:47:42,intraday_close,1,2026-04-13 to 2026-10-05,38,-390.7486489441277,0.1052631578947368,0.5313351498637602,0.5007217711391516,0.048921470275473,0
2026-10-05T21:47:42,intraday_close,2,2026-04-13 to 2026-10-05,29,-426.0209193060985,0.1379310344827586,0.5052631578947369,0.5000122661956449,0.0469232130515242,0
2026-10-05T21:47:42,intraday_close,3,2026-04-13 to 2026-10-05,30,-433.65039866256194,0.1333333333333333,0.5016949152542373,0.5000118503924025,0.0476061539673288,0
2026-10-05T23:39:36,intraday,1,2026-04-13 to 2026-10-05,38,-388.82807734318686,0.1052631578947368,0.5512465373961218,0.5017447019956914,0.0304611904626125,0
2026-10-05T23:39:36,intraday,2,2026-04-13 to 2026-10-05,31,-388.63649158197126,0.1290322580645161,0.5540540540540541,0.5027981956710126,0.0307875067242328,0
2026-10-05T23:39:36,intraday,3,2026-04-13 to 2026-10-05,30,-384.7421546347037,0.1333333333333333,0.5614035087719298,0.5029469958792859,0.0306026450412478,1
2026-10-05T23:39:36,intraday_close,1,2026-04-13 to 2026-10-05,38,-390.7486489441277,0.1052631578947368,0.5313351498637602,0.5007217711391516,0.048921470275473,0
2026-10-05T23:39:36,intraday_close,2,2026-04-13 to 2026-10-05,29,-426.0209193060985,0.1379310344827586,0.5052631578947369,0.5000122661956449,0.0469232130515242,0
2026-10-05T23:39:36,intraday_close,3,2026-04-13 to 2026-10-05,30,-433.65039866256194,0.1333333333333333,0.5016949152542373,0.5000118503924025,0.0476061539673288,0
2026-10-06T20:14:30,intraday,1,2026-04-15 to 2026-10-06,37,-398.7392497038136,0.1081081081081081,0.5539772727272727,0.501463214284735,0.0321443196232739,0
2026-10-06T20:14:30,intraday,2,2026-04-15 to 2026-10-06,29,-342.50033238072825,0.1724137931034483,0.5703971119133574,0.5021058692871396,0.0322668003564235,0
2026-10-06T20:14:30,intraday,3,2026-04-15 to 2026-10-06,28,-372.0947049657542,0.1428571428571428,0.5601503759398496,0.501828671307261,0.0324081215203948,1
2026-10-06T21:18:03,intraday,1,2026-04-15 to 2026-10-06,37,-398.7392497038136,0.1081081081081081,0.5539772727272727,0.501463214284735,0.0321322973405948,0
2026-10-06T21:18:03,intraday,2,2026-04-15 to 2026-10-06,29,-342.50033238072825,0.1724137931034483,0.5703971119133574,0.5021058692871396,0.0322318605973874,0
2026-10-06T21:18:03,intraday,3,2026-04-15 to 2026-10-06,28,-372.0947049657542,0.1428571428571428,0.5601503759398496,0.501828671307261,0.0323972911019468,1
2026-10-06T21:18:03,intraday_close,1,2026-04-15 to 2026-10-06,38,-388.5829831546539,0.1052631578947368,0.5313351498637602,0.5007217711391516,0.0510574589064618,0
2026-10-06T21:18:03,intraday_close,2,2026-04-15 to 2026-10-06,29,-411.98839171989147,0.2068965517241379,0.5106382978723404,0.5002952567472473,0.0498422411127754,0
2026-10-06T21:18:03,intraday_close,3,2026-04-15 to 2026-10-06,31,-417.2510599960275,0.1935483870967742,0.5165562913907285,0.5002757033202773,0.0490532041455742,0
2026-10-07T14:30:33,intraday,1,2026-04-16 to 2026-10-07,32,-339.8502543450346,0.09375,0.5808580858085809,0.5012300954102287,0.030380020958501,0
2026-10-07T14:30:33,intraday,2,2026-04-16 to 2026-10-07,26,-312.6238399631196,0.1538461538461538,0.5846774193548387,0.501603969815411,0.030440187095165,0
2026-10-07T14:30:33,intraday,3,2026-04-16 to 2026-10-07,27,-349.1503384830041,0.1111111111111111,0.5658914728682171,0.5015418004427207,0.0313439933083684,0
2026-10-07T14:30:33,intraday_close,1,2026-04-16 to 2026-10-07,52,-363.18694304403937,0.1346153846153846,0.5416666666666666,0.5008536897973692,0.0493695442496813,0
2026-10-07T14:30:33,intraday_close,2,2026-04-16 to 2026-10-07,35,-393.1914410940012,0.1428571428571428,0.5264705882352941,0.5007667568401671,0.0485230829870528,0
2026-10-07T14:30:33,intraday_close,3,2026-04-16 to 2026-10-07,35,-371.4315274250529,0.1714285714285714,0.5425219941348973,0.500119803424282,0.0487593804745124,0
2026-10-07T16:17:43,intraday,1,2026-04-16 to 2026-10-07,32,-339.8502543450346,0.09375,0.5808580858085809,0.5012300954102287,0.0302425743980657,0
2026-10-07T16:17:43,intraday,2,2026-04-16 to 2026-10-07,26,-312.6238399631196,0.1538461538461538,0.5846774193548387,0.501603969815411,0.0303095289788287,0
2026-10-07T16:17:43,intraday,3,2026-04-16 to 2026-10-07,27,-349.1503384830041,0.1111111111111111,0.5658914728682171,0.5015418004427207,0.0312138080512108,0
2026-10-07T16:17:43,intraday_close,1,2026-04-16 to 2026-10-07,52,-363.18694304403937,0.1346153846153846,0.5416666666666666,0.5008536897973692,0.0493532856638038,0
2026-10-07T16:17:43,intraday_close,2,2026-04-16 to 2026-10-07,35,-393.1914410940012,0.1428571428571428,0.5264705882352941,0.5007667568401671,0.0484890047319527,0
2026-10-07T16:17:43,intraday_close,3,2026-04-16 to 2026-10-07,35,-371.4315274250529,0.1714285714285714,0.5425219941348973,0.500119803424282,0.0487271094486792,0
2026-10-07T19:46:35,intraday,1,2026-04-16 to 2026-10-07,32,-339.8502543450346,0.09375,0.5808580858085809,0.5012300954102287,0.0304202237137864,0
2026-10-07T19:46:35,intraday,2,2026-04-16 to 2026-10-07,26,-312.6238399631196,0.1538461538461538,0.5846774193548387,0.501603969815411,0.0303539809862352,0
2026-10-07T19:46:35,intraday,3,2026-04-16 to 2026-10-07,27,-349.1503384830041,0.1111111111111111,0.5658914728682171,0.5015418004427207,0.0311487057090645,0
2026-10-07T19:46:35,intraday_close,1,2026-04-16 to 2026-10-07,52,-366.3404045825009,0.1346153846153846,0.5416666666666666,0.5008536897973692,0.0494455709509625,0
2026-10-07T19:46:35,intraday_close,2,2026-04-16 to 2026-10-07,35,-393.1914410940012,0.1428571428571428,0.5264705882352941,0.5007667568401671,0.0484997768637254,0
2026-10-07T19:46:35,intraday_close,3,2026-04-16 to 2026-10-07,35,-371.4315274250529,0.1714285714285714,0.5425219941348973,0.500119803424282,0.0486695663685802,0
2026-10-07T21:51:42,intraday,1,2026-04-16 to 2026-10-07,32,-339.8502543450346,0.09375,0.5808580858085809,0.5012300954102287,0.0304202237137864,0
2026-10-07T21:51:42,intraday,2,2026-04-16 to 2026-10-07,26,-312.6238399631196,0.1538461538461538,0.5846774193548387,0.501603969815411,0.0303539809862352,0
2026-10-07T21:51:42,intraday,3,2026-04-16 to 2026-10-07,27,-349.1503384830041,0.1111111111111111,0.5658914728682171,0.5015418004427207,0.0311487057090645,0
2026-10-07T21:51:42,intraday_close,1,2026-04-16 to 2026-10-07,52,-366.3404045825009,0.1346153846153846,0.5416666666666666,0.5008536897973692,0.0494455709509625,0
2026-10-07T21:51:42,intraday_close,2,2026-04-16 to 2026-10-07,35,-393.1914410940012,0.1428571428571428,0.5264705882352941,0.5007667568401671,0.0484997768637254,0
2026-10-07T21:51:42,intraday_close,3,2026-04-16 to 2026-10-07,35,-371.4315274250529,0.1714285714285714,0.5425219941348973,0.500119803424282,0.0486695663685802,0
2026-10-08T16:34:19,intraday,1,2026-04-17 to 2026-10-08,33,-348.0804909090912,0.0909090909090909,0.5819935691318328,0.5006104165011813,0.0306171644884172,0
2026-10-08T16:34:19,intraday,2,2026-04-17 to 2026-10-08,30,-357.49850000000066,0.1333333333333333,0.5719298245614035,0.5011568109789751,0.0304847703314828,0
2026-10-08T16:34:19,intraday,3,2026-04-17 to 2026-10-08,27,-359.2634148148155,0.1481481481481481,0.5797665369649806,0.5010925938118997,0.0303721058176508,0
2026-10-08T16:34:19,intraday_close,1,2026-04-17 to 2026-10-08,54,-365.8176944305361,0.1296296296296296,0.5438931297709924,0.500821106217317,0.0510570070267977,0
2026-10-08T16:34:19,intraday_close,2,2026-04-17 to 2026-10-08,37,-379.7172702499715,0.1621621621621621,0.5331491712707183,0.4998925039522519,0.0504333071121765,0
2026-10-08T16:34:19,intraday_close,3,2026-04-17 to 2026-10-08,38,-365.1583184012879,0.1578947368421052,0.5338753387533876,0.5013487110338067,0.0507563507243188,0
2026-10-08T19:41:10,intraday,1,2026-04-17 to 2026-10-08,33,-348.0804909090912,0.0909090909090909,0.5819935691318328,0.5006104165011813,0.0306171644884172,0
2026-10-08T19:41:10,intraday,2,2026-04-17 to 2026-10-08,30,-357.49850000000066,0.1333333333333333,0.5719298245614035,0.5011568109789751,0.0304847703314828,0
2026-10-08T19:41:10,intraday,3,2026-04-17 to 2026-10-08,27,-359.2634148148155,0.1481481481481481,0.5797665369649806,0.5010925938118997,0.0303721058176508,0
2026-10-08T19:41:10,intraday_close,1,2026-04-17 to 2026-10-08,54,-365.8176944305361,0.1296296296296296,0.5438931297709924,0.500821106217317,0.0510570070267977,0
2026-10-08T19:41:10,intraday_close,2,2026-04-17 to 2026-10-08,37,-379.7172702499715,0.1621621621621621,0.5331491712707183,0.4998925039522519,0.0504333071121765,0
2026-10-08T19:41:10,intraday_close,3,2026-04-17 to 2026-10-08,38,-365.1583184012879,0.1578947368421052,0.5338753387533876,0.5013487110338067,0.0507563507243188,0
2026-10-08T21:33:11,intraday,1,2026-04-17 to 2026-10-08,33,-348.0804909090912,0.0909090909090909,0.5819935691318328,0.5006104165011813,0.0306171644884172,0
2026-10-08T21:33:11,intraday,2,2026-04-17 to 2026-10-08,30,-357.49850000000066,0.1333333333333333,0.5719298245614035,0.5011568109789751,0.0304847703314828,0
2026-10-08T21:33:11,intraday,3,2026-04-17 to 2026-10-08,27,-359.2634148148155,0.1481481481481481,0.5797665369649806,0.5010925938118997,0.0303721058176508,0
2026-10-08T21:33:11,intraday_close,1,2026-04-17 to 2026-10-08,54,-365.8176944305361,0.1296296296296296,0.5438931297709924,0.500821106217317,0.0510570070267977,0
2026-10-08T21:33:11,intraday_close,2,2026-04-17 to 2026-10-08,37,-379.7172702499715,0.1621621621621621,0.5331491712707183,0.4998925039522519,0.0504333071121765,0
2026-10-08T21:33:11,intraday_close,3,2026-04-17 to 2026-10-08,38,-365.1583184012879,0.1578947368421052,0.5338753387533876,0.5013487110338067,0.0507563507243188,0
2026-10-09T18:13:45,intraday,1,2026-04-20 to 2026-10-09,37,-385.59909189189216,0.054054054054054,0.5885714285714285,0.5047950411727445,0.0314464957567664,0
2026-10-09T18:13:45,intraday,2,2026-04-20 to 2026-10-09,29,-344.35867931034545,0.1379310344827586,0.5854545454545454,0.5029849485717732,0.0303482952560888,0
2026-10-09T18:13:45,intraday,3,2026-04-20 to 2026-10-09,29,-327.0920241379316,0.1379310344827586,0.5978260869565217,0.5036515483548607,0.0312736641305347,1
2026-10-09T18:13:45,intraday_close,1,2026-04-20 to 2026-10-09,41,-331.8095072987547,0.1951219512195122,0.5365239294710328,0.5021363357961154,0.0500737520405769,0
2026-10-09T18:13:45,intraday_close,2,2026-04-20 to 2026-10-09,37,-364.5251459256471,0.1891891891891892,0.5307262569832403,0.5018028313992245,0.0506486585469291,0
2026-10-09T18:13:45,intraday_close,3,2026-04-20 to 2026-10-09,36,-399.23648609024826,0.1666666666666666,0.5201149425287356,0.5018546368992023,0.0514841705477453,0
2026-10-09T19:33:26,intraday,1,2026-04-20 to 2026-10-09,37,-385.59909189189216,0.054054054054054,0.5885714285714285,0.5047950411727445,0.0314464957567664,0
2026-10-09T19:33:26,intraday,2,2026-04-20 to 2026-10-09,29,-344.35867931034545,0.1379310344827586,0.5854545454545454,0.5029849485717732,0.0303482952560888,0
2026-10-09T19:33:26,intraday,3,2026-04-20 to 2026-10-09,29,-327.0920241379316,0.1379310344827586,0.5978260869565217,0.5036515483548607,0.0312736641305347,1
2026-10-09T19:33:26,intraday_close,1,2026-04-20 to 2026-10-09,41,-331.8095072987547,0.1951219512195122,0.5365239294710328,0.5021363357961154,0.0500737520405769,0
2026-10-09T19:33:26,intraday_close,2,2026-04-20 to 2026-10-09,37,-364.5251459256471,0.1891891891891892,0.5307262569832403,0.5018028313992245,0.0506486585469291,0
2026-10-09T19:33:26,intraday_close,3,2026-04-20 to 2026-10-09,36,-399.23648609024826,0.1666666666666666,0.5201149425287356,0.5018546368992023,0.0514841705477453,0
2026-10-09T21:29:20,intraday,1,2026-04-20 to 2026-10-09,37,-385.59909189189216,0.054054054054054,0.5885714285714285,0.5047950411727445,0.0314464957567664,0
2026-10-09T21:29:20,intraday,2,2026-04-20 to 2026-10-09,29,-344.35867931034545,0.1379310344827586,0.5854545454545454,0.5029849485717732,0.0303482952560888,0
2026-10-09T21:29:20,intraday,3,2026-04-20 to 2026-10-09,29,-327.0920241379316,0.1379310344827586,0.5978260869565217,0.5036515483548607,0.0312736641305347,1
2026-10-09T21:29:20,intraday_close,1,2026-04-20 to 2026-10-09,41,-331.8095072987547,0.1951219512195122,0.5365239294710328,0.5021363357961154,0.0500737520405769,0
2026-10-09T21:29:20,intraday_close,2,2026-04-20 to 2026-10-09,37,-364.5251459256471,0.1891891891891892,0.5307262569832403,0.5018028313992245,0.0506486585469291,0
2026-10-09T21:29:20,intraday_close,3,2026-04-20 to 2026-10-09,36,-399.23648609024826,0.1666666666666666,0.5201149425287356,0.5018546368992023,0.0514841705477453,0
2026-10-10T18:27:49,intraday,1,2026-04-20 to 2026-10-09,37,-385.59909189189216,0.05405405405405406,0.5885714285714285,0.5047950411727445,0.03144649575676648,0
2026-10-10T18:27:49,intraday,2,2026-04-20 to 2026-10-09,29,-344.35867931034545,0.13793103448275862,0.5854545454545454,0.5029849485717732,0.03034829525608884,0
2026-10-10T18:27:49,intraday,3,2026-04-20 to 2026-10-09,29,-327.09202413793156,0.13793103448275862,0.5978260869565217,0.5036515483548607,0.031273664130534715,1
2026-10-10T18:27:49,intraday_close,1,2026-04-20 to 2026-10-09,41,-331.8095072987547,0.1951219512195122,0.5365239294710328,0.5021363357961154,0.05007375204057694,0
2026-10-10T18:27:49,intraday_close,2,2026-04-20 to 2026-10-09,37,-364.52514592564705,0.1891891891891892,0.5307262569832403,0.5018028313992245,0.05064865854692916,0
2026-10-10T18:27:49,intraday_close,3,2026-04-20 to 2026-10-09,36,-399.23648609024826,0.16666666666666666,0.5201149425287356,0.5018546368992023,0.051484170547745324,0
