run_at,horizon,period,days,avg_day_pnl,win_days,accuracy,random,ic,adopted
2026-09-25T16:47:46,intraday,2026-04-06 to 2026-09-25,64,13.030243999910835,0.484375,0.6875,0.5,0.017323459728809,0
2026-09-25T16:48:34,intraday_close,2026-04-06 to 2026-09-25,57,-373.3176137543868,0.2105263157894736,0.5297619047619048,0.4994463299705235,0.0444402284369015,0
2026-09-25T16:50:12,intraday,2026-04-06 to 2026-09-25,64,13.030243999910835,0.484375,0.6875,0.5,0.017323459728809,0
2026-09-25T16:50:50,intraday_close,2026-04-06 to 2026-09-25,57,-373.3176137543868,0.2105263157894736,0.5297619047619048,0.4994463299705235,0.0444402284369015,0
2026-09-25T16:52:20,intraday,2026-04-06 to 2026-09-25,64,13.030243999910835,0.484375,0.6875,0.5,0.017323459728809,0
2026-09-25T16:52:58,intraday_close,2026-04-06 to 2026-09-25,57,-373.3176137543868,0.2105263157894736,0.5297619047619048,0.4994463299705235,0.0444402284369015,0
2026-09-25T16:54:29,intraday,2026-04-06 to 2026-09-25,64,13.030243999910835,0.484375,0.6875,0.5,0.017323459728809,0
2026-09-25T16:55:10,intraday_close,2026-04-06 to 2026-09-25,57,-373.3176137543868,0.2105263157894736,0.5297619047619048,0.4994463299705235,0.0444402284369015,0
2026-09-25T16:56:40,intraday,2026-04-06 to 2026-09-25,64,13.030243999910835,0.484375,0.6875,0.5,0.017323459728809,0
2026-09-25T16:57:21,intraday_close,2026-04-06 to 2026-09-25,57,-373.3176137543868,0.2105263157894736,0.5297619047619048,0.4994463299705235,0.0444402284369015,0
2026-09-25T16:58:37,intraday,2026-04-06 to 2026-09-25,64,13.030243999910835,0.484375,0.6875,0.5,0.017323459728809,0
2026-09-25T16:59:18,intraday_close,2026-04-06 to 2026-09-25,57,-373.3176137543868,0.2105263157894736,0.5297619047619048,0.4994463299705235,0.0444402284369015,0
2026-09-25T17:01:29,intraday,2026-04-06 to 2026-09-25,64,13.030243999910835,0.484375,0.6875,0.5,0.017323459728809,0
2026-09-25T17:02:06,intraday_close,2026-04-06 to 2026-09-25,57,-373.3176137543868,0.2105263157894736,0.5297619047619048,0.4994463299705235,0.0444402284369015,0
2026-09-25T17:04:36,intraday,2026-04-06 to 2026-09-25,64,13.030243999910835,0.484375,0.6875,0.5,0.017323459728809,0
2026-09-25T17:05:14,intraday_close,2026-04-06 to 2026-09-25,57,-373.3176137543868,0.2105263157894736,0.5297619047619048,0.4994463299705235,0.0444402284369015,0
2026-09-25T17:07:22,intraday,2026-04-06 to 2026-09-25,64,13.030243999910835,0.484375,0.6875,0.5,0.017323459728809,0
2026-09-25T17:08:00,intraday_close,2026-04-06 to 2026-09-25,57,-373.3176137543868,0.2105263157894736,0.5297619047619048,0.4994463299705235,0.0444402284369015,0
2026-09-25T17:09:34,intraday,2026-04-06 to 2026-09-25,64,13.030243999910835,0.484375,0.6875,0.5,0.017323459728809,0
2026-09-25T17:10:12,intraday_close,2026-04-06 to 2026-09-25,57,-373.3176137543868,0.2105263157894736,0.5297619047619048,0.4994463299705235,0.0444402284369015,0
2026-09-25T17:11:52,intraday,2026-04-06 to 2026-09-25,64,13.030243999910835,0.484375,0.6875,0.5,0.017323459728809,0
2026-09-25T17:12:34,intraday_close,2026-04-06 to 2026-09-25,57,-373.3176137543868,0.2105263157894736,0.5297619047619048,0.4994463299705235,0.0444402284369015,0
2026-09-25T17:13:46,intraday,2026-04-06 to 2026-09-25,64,13.030243999910835,0.484375,0.6875,0.5,0.017323459728809,0
2026-09-25T17:14:27,intraday_close,2026-04-06 to 2026-09-25,57,-373.3176137543868,0.2105263157894736,0.5297619047619048,0.4994463299705235,0.0444402284369015,0
2026-09-25T17:16:13,intraday,2026-04-06 to 2026-09-25,64,13.030243999910835,0.484375,0.6875,0.5,0.017323459728809,0
2026-09-25T17:16:51,intraday_close,2026-04-06 to 2026-09-25,57,-373.3176137543868,0.2105263157894736,0.5297619047619048,0.4994463299705235,0.0444402284369015,0
2026-09-25T17:18:16,intraday,2026-04-06 to 2026-09-25,64,13.030243999910835,0.484375,0.6875,0.5,0.017323459728809,0
2026-09-25T17:18:56,intraday_close,2026-04-06 to 2026-09-25,57,-373.3176137543868,0.2105263157894736,0.5297619047619048,0.4994463299705235,0.0444402284369015,0
2026-09-25T17:20:16,intraday,2026-04-06 to 2026-09-25,64,13.030243999910835,0.484375,0.6875,0.5,0.017323459728809,0
2026-09-25T17:20:56,intraday_close,2026-04-06 to 2026-09-25,57,-373.3176137543868,0.2105263157894736,0.5297619047619048,0.4994463299705235,0.0444402284369015,0
2026-09-25T17:22:39,intraday,2026-04-06 to 2026-09-25,64,13.030243999910835,0.484375,0.6875,0.5,0.017323459728809,0
2026-09-25T17:23:27,intraday_close,2026-04-06 to 2026-09-25,57,-373.3176137543868,0.2105263157894736,0.5297619047619048,0.4994463299705235,0.0444402284369015,0
2026-09-25T17:25:02,intraday,2026-04-06 to 2026-09-25,64,13.030243999910835,0.484375,0.6875,0.5,0.017323459728809,0
2026-09-25T17:25:39,intraday_close,2026-04-06 to 2026-09-25,57,-373.3176137543868,0.2105263157894736,0.5297619047619048,0.4994463299705235,0.0444402284369015,0
2026-09-25T17:27:42,intraday,2026-04-06 to 2026-09-25,64,13.030243999910835,0.484375,0.6875,0.5,0.017323459728809,0
2026-09-25T17:28:20,intraday_close,2026-04-06 to 2026-09-25,57,-373.3176137543868,0.2105263157894736,0.5297619047619048,0.4994463299705235,0.0444402284369015,0
2026-09-25T20:38:50,intraday,2026-04-06 to 2026-09-25,47,-411.52952952602766,0.0,0.5089285714285714,0.5006457845433255,0.0236475212601179,0
2026-09-25T20:40:04,intraday_close,2026-04-06 to 2026-09-25,53,-376.1184981132069,0.2641509433962264,0.4855769230769231,0.507733571818147,0.0372179259469094,0
2026-09-25T20:42:16,intraday,2026-04-06 to 2026-09-25,47,-411.52952952602766,0.0,0.5089285714285714,0.5006457845433255,0.0236475212601179,0
2026-09-25T20:43:20,intraday_close,2026-04-06 to 2026-09-25,53,-376.1184981132069,0.2641509433962264,0.4855769230769231,0.507733571818147,0.0372179259469094,0
2026-09-25T20:45:30,intraday,2026-04-06 to 2026-09-25,47,-411.52952952602766,0.0,0.5089285714285714,0.5006457845433255,0.0236475212601179,0
2026-09-25T20:46:34,intraday_close,2026-04-06 to 2026-09-25,53,-376.1184981132069,0.2641509433962264,0.4855769230769231,0.507733571818147,0.0372179259469094,0
2026-09-25T20:48:30,intraday,2026-04-06 to 2026-09-25,47,-411.52952952602766,0.0,0.5089285714285714,0.5006457845433255,0.0236475212601179,0
2026-09-25T20:49:32,intraday_close,2026-04-06 to 2026-09-25,53,-376.1184981132069,0.2641509433962264,0.4855769230769231,0.507733571818147,0.0372179259469094,0
2026-09-25T20:51:38,intraday,2026-04-06 to 2026-09-25,47,-411.52952952602766,0.0,0.5089285714285714,0.5006457845433255,0.0236475212601179,0
2026-09-25T20:52:40,intraday_close,2026-04-06 to 2026-09-25,53,-376.1184981132069,0.2641509433962264,0.4855769230769231,0.507733571818147,0.0372179259469094,0
2026-09-25T20:55:02,intraday,2026-04-06 to 2026-09-25,47,-411.52952952602766,0.0,0.5089285714285714,0.5006457845433255,0.0236475212601179,0
2026-09-25T20:56:03,intraday_close,2026-04-06 to 2026-09-25,53,-376.1184981132069,0.2641509433962264,0.4855769230769231,0.507733571818147,0.0372179259469094,0
2026-09-25T20:58:06,intraday,2026-04-06 to 2026-09-25,47,-411.52952952602766,0.0,0.5089285714285714,0.5006457845433255,0.0236475212601179,0
2026-09-25T20:59:07,intraday_close,2026-04-06 to 2026-09-25,53,-376.1184981132069,0.2641509433962264,0.4855769230769231,0.507733571818147,0.0372179259469094,0
2026-09-25T21:01:09,intraday,2026-04-06 to 2026-09-25,47,-411.52952952602766,0.0,0.5089285714285714,0.5006457845433255,0.0236475212601179,0
2026-09-25T21:02:11,intraday_close,2026-04-06 to 2026-09-25,53,-376.1184981132069,0.2641509433962264,0.4855769230769231,0.507733571818147,0.0372179259469094,0
2026-09-25T21:04:27,intraday,2026-04-06 to 2026-09-25,47,-411.52952952602766,0.0,0.5089285714285714,0.5006457845433255,0.0236475212601179,0
2026-09-25T21:05:30,intraday_close,2026-04-06 to 2026-09-25,53,-376.1184981132069,0.2641509433962264,0.4855769230769231,0.507733571818147,0.0372179259469094,0
2026-09-25T21:07:16,intraday,2026-04-06 to 2026-09-25,47,-411.52952952602766,0.0,0.5089285714285714,0.5006457845433255,0.0236475212601179,0
2026-09-25T21:08:22,intraday_close,2026-04-06 to 2026-09-25,53,-376.1184981132069,0.2641509433962264,0.4855769230769231,0.507733571818147,0.0372179259469094,0
2026-09-25T21:10:26,intraday,2026-04-06 to 2026-09-25,47,-411.52952952602766,0.0,0.5089285714285714,0.5006457845433255,0.0236475212601179,0
2026-09-25T21:11:31,intraday_close,2026-04-06 to 2026-09-25,53,-376.1184981132069,0.2641509433962264,0.4855769230769231,0.507733571818147,0.0372179259469094,0
2026-09-25T21:14:00,intraday,2026-04-06 to 2026-09-25,47,-411.52952952602766,0.0,0.5089285714285714,0.5006457845433255,0.0236475212601179,0
2026-09-25T21:15:07,intraday_close,2026-04-06 to 2026-09-25,53,-376.1184981132069,0.2641509433962264,0.4855769230769231,0.507733571818147,0.0372179259469094,0
2026-09-25T21:17:17,intraday,2026-04-06 to 2026-09-25,47,-411.52952952602766,0.0,0.5089285714285714,0.5006457845433255,0.0236475212601179,0
2026-09-25T21:18:23,intraday_close,2026-04-06 to 2026-09-25,53,-376.1184981132069,0.2641509433962264,0.4855769230769231,0.507733571818147,0.0372179259469094,0
2026-09-28T21:52:01,intraday,2026-04-07 to 2026-09-28,29,-404.126011691073,0.1034482758620689,0.5241635687732342,0.4990817694570101,0.0234402312355909,0
2026-09-28T22:02:41,intraday_close,2026-04-07 to 2026-09-28,32,-310.8783130185396,0.25,0.545751633986928,0.5007764390896922,0.0425120172391728,0
2026-09-28T23:48:33,intraday,2026-04-07 to 2026-09-28,25,-372.4882615616445,0.24,0.5427350427350427,0.4995939999313493,0.0249856880337638,0
2026-09-29T00:02:09,intraday_close,2026-04-07 to 2026-09-28,27,-349.0599331832741,0.2592592592592592,0.5447470817120622,0.5018583282546528,0.0420883083213229,0
2026-09-29T20:24:41,intraday,2026-04-08 to 2026-09-29,25,-359.8752615616446,0.24,0.5512820512820513,0.4995939999313493,0.025463776172901,0
2026-09-29T20:35:51,intraday_close,2026-04-08 to 2026-09-29,26,-398.67596907493856,0.1923076923076923,0.5201612903225806,0.5005870579090556,0.0411651706570746,0
2026-09-29T22:04:21,intraday,2026-04-08 to 2026-09-29,26,-395.8643784246581,0.0384615384615384,0.5333333333333333,0.5022,0.0237998543883692,0
2026-09-29T22:12:06,intraday_close,2026-04-08 to 2026-09-29,30,-374.08244986494697,0.1666666666666666,0.5292096219931272,0.4997305510702604,0.0398474355177672,0
2026-09-29T22:18:44,intraday,2026-04-08 to 2026-09-29,26,-395.8643784246581,0.0384615384615384,0.5333333333333333,0.5022,0.0237998543883692,0
2026-09-29T22:25:30,intraday_close,2026-04-08 to 2026-09-29,30,-374.08244986494697,0.1666666666666666,0.5292096219931272,0.4997305510702604,0.0398474355177672,0
2026-09-29T22:32:01,intraday,2026-04-08 to 2026-09-29,26,-395.8643784246581,0.0384615384615384,0.5333333333333333,0.5022,0.0237998543883692,0
2026-09-30T15:25:54,intraday,2026-04-09 to 2026-09-30,22,-440.82253813823246,0.0454545454545454,0.5502392344497608,0.5019269078249213,0.0282392480247251,0
2026-09-30T15:35:23,intraday_close,2026-04-09 to 2026-09-30,39,-364.6167810224836,0.1794871794871795,0.5201072386058981,0.5003506691121892,0.0453163391740099,0
2026-09-30T15:44:58,intraday,2026-04-09 to 2026-09-30,22,-440.82253813823246,0.0454545454545454,0.5502392344497608,0.5019269078249213,0.0282392480247251,0
2026-09-30T17:34:59,intraday,2026-04-09 to 2026-09-30,30,-360.7645113013701,0.1,0.5618374558303887,0.5005158650347852,0.0258777410137901,0
2026-09-30T17:44:44,intraday_close,2026-04-09 to 2026-09-30,46,-371.3033599973231,0.1304347826086956,0.5292792792792793,0.501348980310337,0.0435081758504216,0
2026-09-30T20:14:32,intraday,2026-04-09 to 2026-09-30,37,-354.99731186597563,0.1081081081081081,0.5673352435530086,0.5000716051488985,0.0283537544604086,0
2026-09-30T20:27:10,intraday_close,2026-04-09 to 2026-09-30,46,-342.3877621712357,0.1739130434782608,0.5578231292517006,0.5013278912684631,0.0454349330038422,0
2026-09-30T21:15:05,intraday,2026-04-09 to 2026-09-30,34,-425.7698011482681,0.1176470588235294,0.5440251572327044,0.4989024822402403,0.0277940141395613,0
2026-09-30T21:22:44,intraday_close,2026-04-09 to 2026-09-30,44,-377.9693081790194,0.2045454545454545,0.5344418052256532,0.4997051314908787,0.0431093526243839,0
2026-09-30T21:29:56,intraday,2026-04-09 to 2026-09-30,34,-425.7698011482681,0.1176470588235294,0.5440251572327044,0.4989024822402403,0.0277940141395613,0
2026-09-30T21:36:42,intraday_close,2026-04-09 to 2026-09-30,44,-377.9693081790194,0.2045454545454545,0.5344418052256532,0.4997051314908787,0.0431093526243839,0
2026-09-30T21:44:06,intraday,2026-04-09 to 2026-09-30,34,-425.7698011482681,0.1176470588235294,0.5440251572327044,0.4989024822402403,0.0277940141395613,0
2026-09-30T21:50:03,intraday_close,2026-04-09 to 2026-09-30,44,-377.9693081790194,0.2045454545454545,0.5344418052256532,0.4997051314908787,0.0431093526243839,0
2026-09-30T21:56:44,intraday,2026-04-09 to 2026-09-30,34,-425.7698011482681,0.1176470588235294,0.5440251572327044,0.4989024822402403,0.0277940141395613,0
2026-09-30T22:03:57,intraday_close,2026-04-09 to 2026-09-30,44,-377.9693081790194,0.2045454545454545,0.5344418052256532,0.4997051314908787,0.0431093526243839,0
2026-09-30T22:10:25,intraday,2026-04-09 to 2026-09-30,34,-425.7698011482681,0.1176470588235294,0.5440251572327044,0.4989024822402403,0.0277940141395613,0
2026-09-30T22:15:24,intraday_close,2026-04-09 to 2026-09-30,44,-377.9693081790194,0.2045454545454545,0.5344418052256532,0.4997051314908787,0.0431093526243839,0
2026-09-30T22:22:01,intraday,2026-04-09 to 2026-09-30,34,-425.7698011482681,0.1176470588235294,0.5440251572327044,0.4989024822402403,0.0277940141395613,0
2026-10-01T15:26:18,intraday,2026-04-10 to 2026-10-01,31,-340.7348431948748,0.1612903225806451,0.5694915254237288,0.5003165089234454,0.0297256775085648,0
2026-10-01T17:27:13,intraday,2026-04-10 to 2026-10-01,30,-380.1752279680373,0.0333333333333333,0.5543859649122806,0.499575466431288,0.02972983429981,0
2026-10-01T17:42:11,intraday_close,2026-04-10 to 2026-10-01,46,-410.4190921325904,0.1304347826086956,0.5292792792792793,0.5013413715795358,0.0469840657721114,0
2026-10-01T17:56:28,intraday,2026-04-10 to 2026-10-01,30,-380.1752279680373,0.0333333333333333,0.5543859649122806,0.499575466431288,0.02972983429981,0
2026-10-01T18:07:38,intraday_close,2026-04-10 to 2026-10-01,46,-410.4190921325904,0.1304347826086956,0.5292792792792793,0.5013413715795358,0.0469840657721114,0
2026-10-01T18:22:02,intraday,2026-04-10 to 2026-10-01,30,-380.1752279680373,0.0333333333333333,0.5543859649122806,0.499575466431288,0.02972983429981,0
2026-10-01T19:53:44,intraday,2026-04-10 to 2026-10-01,30,-380.1752279680373,0.0333333333333333,0.5543859649122806,0.499575466431288,0.02972983429981,0
2026-10-01T20:07:31,intraday_close,2026-04-10 to 2026-10-01,46,-410.4190921325904,0.1304347826086956,0.5292792792792793,0.5013413715795358,0.0469840657721114,0
2026-10-01T20:19:41,intraday,2026-04-10 to 2026-10-01,30,-380.1752279680373,0.0333333333333333,0.5543859649122806,0.499575466431288,0.02972983429981,0
2026-10-01T20:31:45,intraday_close,2026-04-10 to 2026-10-01,46,-410.4190921325904,0.1304347826086956,0.5292792792792793,0.5013413715795358,0.0469840657721114,0
2026-10-01T20:45:26,intraday,2026-04-10 to 2026-10-01,30,-380.1752279680373,0.0333333333333333,0.5543859649122806,0.499575466431288,0.02972983429981,0
2026-10-01T21:46:34,intraday,2026-04-10 to 2026-10-01,30,-380.1752279680373,0.0333333333333333,0.5543859649122806,0.499575466431288,0.02972983429981,0
2026-10-01T22:00:27,intraday_close,2026-04-10 to 2026-10-01,46,-410.4190921325904,0.1304347826086956,0.5292792792792793,0.5013413715795358,0.0469840657721114,0
2026-10-01T22:14:23,intraday,2026-04-10 to 2026-10-01,30,-380.1752279680373,0.0333333333333333,0.5543859649122806,0.499575466431288,0.02972983429981,0
2026-10-01T22:28:52,intraday_close,2026-04-10 to 2026-10-01,46,-410.4190921325904,0.1304347826086956,0.5292792792792793,0.5013413715795358,0.0469840657721114,0
2026-10-01T22:43:08,intraday,2026-04-10 to 2026-10-01,30,-380.1752279680373,0.0333333333333333,0.5543859649122806,0.499575466431288,0.02972983429981,0
2026-10-02T19:20:13,intraday,2026-04-10 to 2026-10-01,38,-364.02305365897655,0.0789473684210526,0.5614525139664804,0.5002209790160298,0.0297831628840365,0
2026-10-02T19:29:47,intraday_close,2026-04-10 to 2026-10-01,48,-325.67536374743446,0.2291666666666666,0.5374732334047109,0.5012372975336722,0.0476982035259503,0
2026-10-02T19:38:22,intraday,2026-04-10 to 2026-10-01,38,-364.02305365897655,0.0789473684210526,0.5614525139664804,0.5002209790160298,0.0297831628840365,0
2026-10-02T19:46:44,intraday_close,2026-04-10 to 2026-10-01,48,-325.67536374743446,0.2291666666666666,0.5374732334047109,0.5012372975336722,0.0476982035259503,0
2026-10-02T19:54:39,intraday,2026-04-10 to 2026-10-01,38,-364.02305365897655,0.0789473684210526,0.5614525139664804,0.5002209790160298,0.0297831628840365,0
2026-10-02T20:01:02,intraday_close,2026-04-10 to 2026-10-01,48,-325.67536374743446,0.2291666666666666,0.5374732334047109,0.5012372975336722,0.0476982035259503,0
2026-10-02T20:09:30,intraday,2026-04-10 to 2026-10-01,38,-364.02305365897655,0.0789473684210526,0.5614525139664804,0.5002209790160298,0.0297831628840365,0
2026-10-02T20:16:49,intraday_close,2026-04-10 to 2026-10-01,48,-325.67536374743446,0.2291666666666666,0.5374732334047109,0.5012372975336722,0.0476982035259503,0
2026-10-02T20:24:29,intraday,2026-04-10 to 2026-10-01,38,-364.02305365897655,0.0789473684210526,0.5614525139664804,0.5002209790160298,0.0297831628840365,0
2026-10-02T21:27:34,intraday,2026-04-10 to 2026-10-01,38,-364.02305365897655,0.0789473684210526,0.5614525139664804,0.5002209790160298,0.0297831628840365,0
2026-10-02T21:41:57,intraday_close,2026-04-10 to 2026-10-01,48,-325.67536374743446,0.2291666666666666,0.5374732334047109,0.5012372975336722,0.0476982035259503,0
2026-10-02T21:54:11,intraday,2026-04-10 to 2026-10-01,38,-364.02305365897655,0.0789473684210526,0.5614525139664804,0.5002209790160298,0.0297831628840365,0
2026-10-02T22:06:48,intraday_close,2026-04-10 to 2026-10-01,48,-325.67536374743446,0.2291666666666666,0.5374732334047109,0.5012372975336722,0.0476982035259503,0
2026-10-02T22:19:32,intraday,2026-04-10 to 2026-10-01,38,-364.02305365897655,0.0789473684210526,0.5614525139664804,0.5002209790160298,0.0297831628840365,0
2026-10-03T14:11:56,intraday,2026-04-10 to 2026-10-01,34,-340.4764835012093,0.0588235294117647,0.575,0.499944410196664,0.0295747062994904,0
2026-10-03T14:21:18,intraday_close,2026-04-10 to 2026-10-01,43,-357.9061572064386,0.1627906976744186,0.5323741007194245,0.5005968909380685,0.045491322986157,0
2026-10-03T14:29:55,intraday,2026-04-10 to 2026-10-01,34,-340.4764835012093,0.0588235294117647,0.575,0.499944410196664,0.0295747062994904,0
2026-10-03T14:37:43,intraday_close,2026-04-10 to 2026-10-01,43,-357.9061572064386,0.1627906976744186,0.5323741007194245,0.5005968909380685,0.045491322986157,0
2026-10-03T14:45:57,intraday,2026-04-10 to 2026-10-01,34,-340.4764835012093,0.0588235294117647,0.575,0.499944410196664,0.0295747062994904,0
2026-10-03T14:52:37,intraday_close,2026-04-10 to 2026-10-01,43,-357.9061572064386,0.1627906976744186,0.5323741007194245,0.5005968909380685,0.045491322986157,0
2026-10-03T15:00:11,intraday,2026-04-10 to 2026-10-01,34,-340.4764835012093,0.0588235294117647,0.575,0.499944410196664,0.0295747062994904,0
2026-10-03T15:06:26,intraday_close,2026-04-10 to 2026-10-01,43,-357.9061572064386,0.1627906976744186,0.5323741007194245,0.5005968909380685,0.045491322986157,0
2026-10-03T15:14:15,intraday,2026-04-10 to 2026-10-01,34,-340.4764835012093,0.0588235294117647,0.575,0.499944410196664,0.0295747062994904,0
2026-10-03T17:28:31,intraday,2026-04-10 to 2026-10-01,34,-340.4764835012093,0.0588235294117647,0.575,0.499944410196664,0.0295747062994904,0
2026-10-03T17:42:02,intraday_close,2026-04-10 to 2026-10-01,43,-357.9061572064386,0.1627906976744186,0.5323741007194245,0.5005968909380685,0.045491322986157,0
2026-10-03T17:55:29,intraday,2026-04-10 to 2026-10-01,34,-340.4764835012093,0.0588235294117647,0.575,0.499944410196664,0.0295747062994904,0
2026-10-03T18:07:31,intraday_close,2026-04-10 to 2026-10-01,43,-357.9061572064386,0.1627906976744186,0.5323741007194245,0.5005968909380685,0.045491322986157,0
2026-10-03T18:20:39,intraday,2026-04-10 to 2026-10-01,34,-340.4764835012093,0.0588235294117647,0.575,0.499944410196664,0.0295747062994904,0
2026-10-03T19:17:59,intraday,2026-04-10 to 2026-10-01,34,-340.4764835012093,0.0588235294117647,0.575,0.499944410196664,0.0295747062994904,0
2026-10-03T19:31:02,intraday_close,2026-04-10 to 2026-10-01,43,-357.9061572064386,0.1627906976744186,0.5323741007194245,0.5005968909380685,0.045491322986157,0
2026-10-03T19:44:03,intraday,2026-04-10 to 2026-10-01,34,-340.4764835012093,0.0588235294117647,0.575,0.499944410196664,0.0295747062994904,0
2026-10-03T19:54:27,intraday_close,2026-04-10 to 2026-10-01,43,-357.9061572064386,0.1627906976744186,0.5323741007194245,0.5005968909380685,0.045491322986157,0
2026-10-03T20:07:04,intraday,2026-04-10 to 2026-10-01,34,-340.4764835012093,0.0588235294117647,0.575,0.499944410196664,0.0295747062994904,0
2026-10-03T20:17:45,intraday_close,2026-04-10 to 2026-10-01,43,-357.9061572064386,0.1627906976744186,0.5323741007194245,0.5005968909380685,0.045491322986157,0
2026-10-03T21:11:46,intraday,2026-04-10 to 2026-10-01,34,-340.4764835012093,0.0588235294117647,0.575,0.499944410196664,0.0295747062994904,0
2026-10-03T21:22:17,intraday_close,2026-04-10 to 2026-10-01,43,-357.9061572064386,0.1627906976744186,0.5323741007194245,0.5005968909380685,0.045491322986157,0
2026-10-03T21:32:30,intraday,2026-04-10 to 2026-10-01,34,-340.4764835012093,0.0588235294117647,0.575,0.499944410196664,0.0295747062994904,0
2026-10-03T21:40:44,intraday_close,2026-04-10 to 2026-10-01,43,-357.9061572064386,0.1627906976744186,0.5323741007194245,0.5005968909380685,0.045491322986157,0
2026-10-03T21:50:50,intraday,2026-04-10 to 2026-10-01,34,-340.4764835012093,0.0588235294117647,0.575,0.499944410196664,0.0295747062994904,0
2026-10-03T22:00:09,intraday_close,2026-04-10 to 2026-10-01,43,-357.9061572064386,0.1627906976744186,0.5323741007194245,0.5005968909380685,0.045491322986157,0
2026-10-03T22:09:56,intraday,2026-04-10 to 2026-10-01,34,-340.4764835012093,0.0588235294117647,0.575,0.499944410196664,0.0295747062994904,0
2026-10-04T14:41:08,intraday,2026-04-10 to 2026-10-01,44,-389.3222167963888,0.0454545454545454,0.562200956937799,0.5025498713590765,0.0292577578297247,0
2026-10-04T14:56:05,intraday_close,2026-04-10 to 2026-10-01,47,-360.0750693590821,0.1063829787234042,0.5462555066079295,0.5011019792255065,0.0465079011415788,0
2026-10-04T15:10:16,intraday,2026-04-10 to 2026-10-01,44,-389.3222167963888,0.0454545454545454,0.562200956937799,0.5025498713590765,0.0292577578297247,0
2026-10-04T15:23:23,intraday_close,2026-04-10 to 2026-10-01,47,-360.0750693590821,0.1063829787234042,0.5462555066079295,0.5011019792255065,0.0465079011415788,0
2026-10-04T18:29:34,intraday,2026-04-10 to 2026-10-01,44,-389.3222167963888,0.0454545454545454,0.562200956937799,0.5025498713590765,0.0292577578297247,0
2026-10-04T18:40:51,intraday_close,2026-04-10 to 2026-10-01,47,-360.0750693590821,0.1063829787234042,0.5462555066079295,0.5011019792255065,0.0465079011415788,0
2026-10-04T18:50:52,intraday,2026-04-10 to 2026-10-01,44,-389.3222167963888,0.0454545454545454,0.562200956937799,0.5025498713590765,0.0292577578297247,0
2026-10-04T19:01:02,intraday_close,2026-04-10 to 2026-10-01,47,-360.0750693590821,0.1063829787234042,0.5462555066079295,0.5011019792255065,0.0465079011415788,0
2026-10-04T19:11:47,intraday,2026-04-10 to 2026-10-01,44,-389.3222167963888,0.0454545454545454,0.562200956937799,0.5025498713590765,0.0292577578297247,0
2026-10-04T19:21:42,intraday_close,2026-04-10 to 2026-10-01,47,-360.0750693590821,0.1063829787234042,0.5462555066079295,0.5011019792255065,0.0465079011415788,0
2026-10-04T19:32:54,intraday,2026-04-10 to 2026-10-01,44,-389.3222167963888,0.0454545454545454,0.562200956937799,0.5025498713590765,0.0292577578297247,0
2026-10-04T20:38:02,intraday,2026-04-10 to 2026-10-01,44,-389.3222167963888,0.0454545454545454,0.562200956937799,0.5025498713590765,0.0292577578297247,0
2026-10-04T20:52:26,intraday_close,2026-04-10 to 2026-10-01,47,-360.0750693590821,0.1063829787234042,0.5462555066079295,0.5011019792255065,0.0465079011415788,0
2026-10-04T21:04:29,intraday,2026-04-10 to 2026-10-01,44,-389.3222167963888,0.0454545454545454,0.562200956937799,0.5025498713590765,0.0292577578297247,0
2026-10-04T21:17:00,intraday_close,2026-04-10 to 2026-10-01,47,-360.0750693590821,0.1063829787234042,0.5462555066079295,0.5011019792255065,0.0465079011415788,0
2026-10-04T21:29:49,intraday,2026-04-10 to 2026-10-01,44,-389.3222167963888,0.0454545454545454,0.562200956937799,0.5025498713590765,0.0292577578297247,0
2026-10-05T17:40:56,intraday,2026-04-13 to 2026-10-05,44,-372.6173647727284,0.2045454545454545,0.5675675675675675,0.5072872619248512,0.0304486029815349,0
2026-10-05T22:19:19,intraday,2026-04-13 to 2026-10-05,38,-388.82807734318686,0.1052631578947368,0.5512465373961218,0.5017447019956914,0.0304611904626125,0
2026-10-05T22:33:06,intraday_close,2026-04-13 to 2026-10-05,38,-390.7486489441277,0.1052631578947368,0.5313351498637602,0.5007217711391516,0.048921470275473,0
2026-10-05T22:46:25,intraday,2026-04-13 to 2026-10-05,38,-388.82807734318686,0.1052631578947368,0.5512465373961218,0.5017447019956914,0.0304611904626125,0
2026-10-05T22:57:52,intraday_close,2026-04-13 to 2026-10-05,38,-390.7486489441277,0.1052631578947368,0.5313351498637602,0.5007217711391516,0.048921470275473,0
2026-10-05T23:10:19,intraday,2026-04-13 to 2026-10-05,38,-388.82807734318686,0.1052631578947368,0.5512465373961218,0.5017447019956914,0.0304611904626125,0
2026-10-06T00:09:53,intraday,2026-04-13 to 2026-10-05,38,-388.82807734318686,0.1052631578947368,0.5512465373961218,0.5017447019956914,0.0304611904626125,0
2026-10-06T00:23:34,intraday_close,2026-04-13 to 2026-10-05,38,-390.7486489441277,0.1052631578947368,0.5313351498637602,0.5007217711391516,0.048921470275473,0
2026-10-06T00:36:16,intraday,2026-04-13 to 2026-10-05,38,-388.82807734318686,0.1052631578947368,0.5512465373961218,0.5017447019956914,0.0304611904626125,0
2026-10-06T00:48:35,intraday_close,2026-04-13 to 2026-10-05,38,-390.7486489441277,0.1052631578947368,0.5313351498637602,0.5007217711391516,0.048921470275473,0
2026-10-06T01:02:08,intraday,2026-04-13 to 2026-10-05,38,-388.82807734318686,0.1052631578947368,0.5512465373961218,0.5017447019956914,0.0304611904626125,0
2026-10-06T20:39:32,intraday,2026-04-15 to 2026-10-06,37,-398.7392497038136,0.1081081081081081,0.5539772727272727,0.501463214284735,0.0321443196232739,0
2026-10-06T21:48:09,intraday,2026-04-15 to 2026-10-06,37,-398.7392497038136,0.1081081081081081,0.5539772727272727,0.501463214284735,0.0321322973405948,0
2026-10-06T22:01:52,intraday_close,2026-04-15 to 2026-10-06,38,-388.5829831546539,0.1052631578947368,0.5313351498637602,0.5007217711391516,0.0510574589064618,0
2026-10-06T22:14:22,intraday,2026-04-15 to 2026-10-06,37,-398.7392497038136,0.1081081081081081,0.5539772727272727,0.501463214284735,0.0321322973405948,0
2026-10-06T22:26:07,intraday_close,2026-04-15 to 2026-10-06,38,-388.5829831546539,0.1052631578947368,0.5313351498637602,0.5007217711391516,0.0510574589064618,0
2026-10-06T22:39:52,intraday,2026-04-15 to 2026-10-06,37,-398.7392497038136,0.1081081081081081,0.5539772727272727,0.501463214284735,0.0321322973405948,0
2026-10-06T22:51:55,intraday_close,2026-04-15 to 2026-10-06,38,-388.5829831546539,0.1052631578947368,0.5313351498637602,0.5007217711391516,0.0510574589064618,0
2026-10-07T15:03:54,intraday,2026-04-16 to 2026-10-07,32,-339.8502543450346,0.09375,0.5808580858085809,0.5012300954102287,0.030380020958501,0
2026-10-07T16:51:26,intraday,2026-04-16 to 2026-10-07,32,-339.8502543450346,0.09375,0.5808580858085809,0.5012300954102287,0.0302425743980657,0
2026-10-07T17:05:18,intraday_close,2026-04-16 to 2026-10-07,52,-363.18694304403937,0.1346153846153846,0.5416666666666666,0.5008536897973692,0.0493532856638038,0
2026-10-07T17:17:06,intraday,2026-04-16 to 2026-10-07,32,-339.8502543450346,0.09375,0.5808580858085809,0.5012300954102287,0.0302425743980657,0
2026-10-07T17:29:26,intraday_close,2026-04-16 to 2026-10-07,52,-363.18694304403937,0.1346153846153846,0.5416666666666666,0.5008536897973692,0.0493532856638038,0
2026-10-07T17:42:15,intraday,2026-04-16 to 2026-10-07,32,-339.8502543450346,0.09375,0.5808580858085809,0.5012300954102287,0.0302425743980657,0
2026-10-07T20:11:40,intraday,2026-04-16 to 2026-10-07,32,-339.8502543450346,0.09375,0.5808580858085809,0.5012300954102287,0.0304202237137864,0
2026-10-07T20:22:41,intraday_close,2026-04-16 to 2026-10-07,52,-366.3404045825009,0.1346153846153846,0.5416666666666666,0.5008536897973692,0.0494455709509625,0
2026-10-07T20:32:51,intraday,2026-04-16 to 2026-10-07,32,-339.8502543450346,0.09375,0.5808580858085809,0.5012300954102287,0.0304202237137864,0
2026-10-07T20:43:19,intraday_close,2026-04-16 to 2026-10-07,52,-366.3404045825009,0.1346153846153846,0.5416666666666666,0.5008536897973692,0.0494455709509625,0
2026-10-07T20:53:28,intraday,2026-04-16 to 2026-10-07,32,-339.8502543450346,0.09375,0.5808580858085809,0.5012300954102287,0.0304202237137864,0
2026-10-07T21:03:31,intraday_close,2026-04-16 to 2026-10-07,52,-366.3404045825009,0.1346153846153846,0.5416666666666666,0.5008536897973692,0.0494455709509625,0
2026-10-07T21:12:29,intraday,2026-04-16 to 2026-10-07,32,-339.8502543450346,0.09375,0.5808580858085809,0.5012300954102287,0.0304202237137864,0
2026-10-07T21:22:41,intraday_close,2026-04-16 to 2026-10-07,52,-366.3404045825009,0.1346153846153846,0.5416666666666666,0.5008536897973692,0.0494455709509625,0
2026-10-07T22:23:27,intraday,2026-04-16 to 2026-10-07,32,-339.8502543450346,0.09375,0.5808580858085809,0.5012300954102287,0.0304202237137864,0
2026-10-07T22:38:37,intraday_close,2026-04-16 to 2026-10-07,52,-366.3404045825009,0.1346153846153846,0.5416666666666666,0.5008536897973692,0.0494455709509625,0
2026-10-07T22:50:57,intraday,2026-04-16 to 2026-10-07,32,-339.8502543450346,0.09375,0.5808580858085809,0.5012300954102287,0.0304202237137864,0
2026-10-07T23:03:36,intraday_close,2026-04-16 to 2026-10-07,52,-366.3404045825009,0.1346153846153846,0.5416666666666666,0.5008536897973692,0.0494455709509625,0
2026-10-07T23:17:50,intraday,2026-04-16 to 2026-10-07,32,-339.8502543450346,0.09375,0.5808580858085809,0.5012300954102287,0.0304202237137864,0
2026-10-08T16:54:28,intraday,2026-04-17 to 2026-10-08,33,-348.0804909090912,0.0909090909090909,0.5819935691318328,0.5006104165011813,0.0306171644884172,0
2026-10-08T17:03:05,intraday_close,2026-04-17 to 2026-10-08,54,-365.8176944305361,0.1296296296296296,0.5438931297709924,0.500821106217317,0.0510570070267977,0
2026-10-08T17:11:31,intraday,2026-04-17 to 2026-10-08,33,-348.0804909090912,0.0909090909090909,0.5819935691318328,0.5006104165011813,0.0306171644884172,0
2026-10-08T17:19:41,intraday_close,2026-04-17 to 2026-10-08,54,-365.8176944305361,0.1296296296296296,0.5438931297709924,0.500821106217317,0.0510570070267977,0
2026-10-08T17:27:29,intraday,2026-04-17 to 2026-10-08,33,-348.0804909090912,0.0909090909090909,0.5819935691318328,0.5006104165011813,0.0306171644884172,0
2026-10-08T20:00:52,intraday,2026-04-17 to 2026-10-08,33,-348.0804909090912,0.0909090909090909,0.5819935691318328,0.5006104165011813,0.0306171644884172,0
2026-10-08T20:09:25,intraday_close,2026-04-17 to 2026-10-08,54,-365.8176944305361,0.1296296296296296,0.5438931297709924,0.500821106217317,0.0510570070267977,0
2026-10-08T20:15:51,intraday,2026-04-17 to 2026-10-08,33,-348.0804909090912,0.0909090909090909,0.5819935691318328,0.5006104165011813,0.0306171644884172,0
2026-10-08T20:24:13,intraday_close,2026-04-17 to 2026-10-08,54,-365.8176944305361,0.1296296296296296,0.5438931297709924,0.500821106217317,0.0510570070267977,0
2026-10-08T20:32:51,intraday,2026-04-17 to 2026-10-08,33,-348.0804909090912,0.0909090909090909,0.5819935691318328,0.5006104165011813,0.0306171644884172,0
2026-10-08T20:40:03,intraday_close,2026-04-17 to 2026-10-08,54,-365.8176944305361,0.1296296296296296,0.5438931297709924,0.500821106217317,0.0510570070267977,0
2026-10-08T20:48:10,intraday,2026-04-17 to 2026-10-08,33,-348.0804909090912,0.0909090909090909,0.5819935691318328,0.5006104165011813,0.0306171644884172,0
2026-10-08T20:56:00,intraday_close,2026-04-17 to 2026-10-08,54,-365.8176944305361,0.1296296296296296,0.5438931297709924,0.500821106217317,0.0510570070267977,0
2026-10-08T21:03:22,intraday,2026-04-17 to 2026-10-08,33,-348.0804909090912,0.0909090909090909,0.5819935691318328,0.5006104165011813,0.0306171644884172,0
2026-10-08T21:10:32,intraday_close,2026-04-17 to 2026-10-08,54,-365.8176944305361,0.1296296296296296,0.5438931297709924,0.500821106217317,0.0510570070267977,0
2026-10-08T21:52:18,intraday,2026-04-17 to 2026-10-08,33,-348.0804909090912,0.0909090909090909,0.5819935691318328,0.5006104165011813,0.0306171644884172,0
2026-10-08T22:00:48,intraday_close,2026-04-17 to 2026-10-08,54,-365.8176944305361,0.1296296296296296,0.5438931297709924,0.500821106217317,0.0510570070267977,0
2026-10-08T22:09:18,intraday,2026-04-17 to 2026-10-08,33,-348.0804909090912,0.0909090909090909,0.5819935691318328,0.5006104165011813,0.0306171644884172,0
2026-10-08T22:16:23,intraday_close,2026-04-17 to 2026-10-08,54,-365.8176944305361,0.1296296296296296,0.5438931297709924,0.500821106217317,0.0510570070267977,0
2026-10-08T22:24:19,intraday,2026-04-17 to 2026-10-08,33,-348.0804909090912,0.0909090909090909,0.5819935691318328,0.5006104165011813,0.0306171644884172,0
2026-10-08T22:31:27,intraday_close,2026-04-17 to 2026-10-08,54,-365.8176944305361,0.1296296296296296,0.5438931297709924,0.500821106217317,0.0510570070267977,0
2026-10-08T22:39:28,intraday,2026-04-17 to 2026-10-08,33,-348.0804909090912,0.0909090909090909,0.5819935691318328,0.5006104165011813,0.0306171644884172,0
2026-10-08T22:47:38,intraday_close,2026-04-17 to 2026-10-08,54,-365.8176944305361,0.1296296296296296,0.5438931297709924,0.500821106217317,0.0510570070267977,0
2026-10-08T22:54:47,intraday,2026-04-17 to 2026-10-08,33,-348.0804909090912,0.0909090909090909,0.5819935691318328,0.5006104165011813,0.0306171644884172,0
2026-10-08T23:02:29,intraday_close,2026-04-17 to 2026-10-08,54,-365.8176944305361,0.1296296296296296,0.5438931297709924,0.500821106217317,0.0510570070267977,0
2026-10-09T18:34:08,intraday,2026-04-20 to 2026-10-09,37,-385.59909189189216,0.054054054054054,0.5885714285714285,0.5047950411727445,0.0314464957567664,0
2026-10-09T18:43:35,intraday_close,2026-04-20 to 2026-10-09,41,-331.8095072987547,0.1951219512195122,0.5365239294710328,0.5021363357961154,0.0500737520405769,0
2026-10-09T18:51:24,intraday,2026-04-20 to 2026-10-09,37,-385.59909189189216,0.054054054054054,0.5885714285714285,0.5047950411727445,0.0314464957567664,0
2026-10-09T18:59:11,intraday_close,2026-04-20 to 2026-10-09,41,-331.8095072987547,0.1951219512195122,0.5365239294710328,0.5021363357961154,0.0500737520405769,0
2026-10-09T19:07:16,intraday,2026-04-20 to 2026-10-09,37,-385.59909189189216,0.054054054054054,0.5885714285714285,0.5047950411727445,0.0314464957567664,0
2026-10-09T20:00:26,intraday,2026-04-20 to 2026-10-09,37,-385.59909189189216,0.054054054054054,0.5885714285714285,0.5047950411727445,0.0314464957567664,0
2026-10-09T20:11:26,intraday_close,2026-04-20 to 2026-10-09,41,-331.8095072987547,0.1951219512195122,0.5365239294710328,0.5021363357961154,0.0500737520405769,0
2026-10-09T20:22:23,intraday,2026-04-20 to 2026-10-09,37,-385.59909189189216,0.054054054054054,0.5885714285714285,0.5047950411727445,0.0314464957567664,0
2026-10-09T20:31:42,intraday_close,2026-04-20 to 2026-10-09,41,-331.8095072987547,0.1951219512195122,0.5365239294710328,0.5021363357961154,0.0500737520405769,0
2026-10-09T20:42:04,intraday,2026-04-20 to 2026-10-09,37,-385.59909189189216,0.054054054054054,0.5885714285714285,0.5047950411727445,0.0314464957567664,0
2026-10-09T20:51:54,intraday_close,2026-04-20 to 2026-10-09,41,-331.8095072987547,0.1951219512195122,0.5365239294710328,0.5021363357961154,0.0500737520405769,0
2026-10-09T21:01:50,intraday,2026-04-20 to 2026-10-09,37,-385.59909189189216,0.054054054054054,0.5885714285714285,0.5047950411727445,0.0314464957567664,0
2026-10-09T21:58:38,intraday,2026-04-20 to 2026-10-09,37,-385.59909189189216,0.054054054054054,0.5885714285714285,0.5047950411727445,0.0314464957567664,0
2026-10-09T22:11:36,intraday_close,2026-04-20 to 2026-10-09,41,-331.8095072987547,0.1951219512195122,0.5365239294710328,0.5021363357961154,0.0500737520405769,0
2026-10-09T22:23:13,intraday,2026-04-20 to 2026-10-09,37,-385.59909189189216,0.054054054054054,0.5885714285714285,0.5047950411727445,0.0314464957567664,0
2026-10-09T22:33:29,intraday_close,2026-04-20 to 2026-10-09,41,-331.8095072987547,0.1951219512195122,0.5365239294710328,0.5021363357961154,0.0500737520405769,0
2026-10-09T22:45:45,intraday,2026-04-20 to 2026-10-09,37,-385.59909189189216,0.054054054054054,0.5885714285714285,0.5047950411727445,0.0314464957567664,0
2026-10-09T22:56:23,intraday_close,2026-04-20 to 2026-10-09,41,-331.8095072987547,0.1951219512195122,0.5365239294710328,0.5021363357961154,0.0500737520405769,0
2026-10-10T18:59:54,intraday,2026-04-20 to 2026-10-09,37,-385.59909189189216,0.05405405405405406,0.5885714285714285,0.5047950411727445,0.03144649575676648,0
2026-10-10T19:12:32,intraday_close,2026-04-20 to 2026-10-09,41,-331.8095072987547,0.1951219512195122,0.5365239294710328,0.5021363357961154,0.05007375204057694,0
2026-10-10T19:24:41,intraday,2026-04-20 to 2026-10-09,37,-385.59909189189216,0.05405405405405406,0.5885714285714285,0.5047950411727445,0.03144649575676648,0
2026-10-10T19:36:02,intraday_close,2026-04-20 to 2026-10-09,41,-331.8095072987547,0.1951219512195122,0.5365239294710328,0.5021363357961154,0.05007375204057694,0
2026-10-10T19:48:49,intraday,2026-04-20 to 2026-10-09,37,-385.59909189189216,0.05405405405405406,0.5885714285714285,0.5047950411727445,0.03144649575676648,0
